Country,HDPE[kg/hr],LDPE[kg/hr],PP[kg/hr],PS[kg/hr],HEATER_T,HDPDCOM_HD,LPDECOM_HD,PPDECOM_HD,PSDECOM_HD,HEATER_HX_AREAC,HEATER_HD,RPLUG_HD,RPYRO_HD,COOLER_HX_AREAC,COOLER_HX_DUTY,HPDCOUT,LIQ,LPDCOUT,PPDCOUT,PSDCOUT,RPLUGIN,RPLUGIN2,RPYROIN,RPYROOUT,S1,VAP,H2O,H2,CO,CO2,CH4,C2H6,C2H4,C4H10,C6H6,C7H8,C8H10,C9H18,C10H8,C10H14,C14H30,C16H34,C22H46,C,O2,C6H6O,N2,CL2,S,NRP,ASH,HDPE,PP,PS,LDPE
Brazil,10,20,8,8,500,2396.45547,4751.80836,1980.26732,746.788816,0.001077755,198.691094,-3248.45014,348.331436,0.28533334,-4410.25217,10,32.2367581,20,8,8,46,46,46.0000012,46.0000012,46.0000012,13.7632431,0,0,0,0,4.32880012,0.854749122,3.67646424,1.33210698,2.64557287,0.800359257,0.050917343,0.069267643,0.000817997,0.001865002,0.000316235,7.55E-06,7.37E-07,0,0,0,0.001998028,0,0,,,,,,
Brazil,10,20,8,8,550,2396.45547,4751.80836,1980.26732,746.788816,0.004310229,770.455219,-3001.78882,-114.276651,0.287111653,-4403.84167,10,30.9733686,20,8,8,46,46,46.0283549,46.0283549,46.0283549,15.0549863,0,0.083768011,0,0,4.53871961,0.897286743,3.85761721,1.41689032,3.16384233,0.964563131,0.061574632,0.065195804,0.000938286,0.002271185,0.000312296,7.67E-06,8.19E-07,0,0,0,0.001998255,0,0,,,,,,
Brazil,10,20,8,8,600,2396.45547,4751.80836,1980.26732,746.788816,0.007868138,1361.5241,-2757.92976,-591.070631,0.288547593,-4401.44972,10,29.7850425,20,8,8,46,46,46.0012808,46.0012808,46.0012808,16.2162383,0,0.25023392,0,0,4.59406644,0.909717804,3.90855572,1.46409042,3.76810682,1.17487995,0.075777546,0.064548508,0.001103998,0.002824883,0.000324634,8.20E-06,9.57E-07,0,0,1.42E-11,0.001998509,0,0,,,,,,
Brazil,10,20,8,8,650,2396.45547,4751.80836,1980.26732,746.788816,0.011793273,1972.12963,-2567.10193,-1082.2707,0.290634855,-4406.49121,10,28.9476902,20,8,8,46,46,46.0013256,46.0013256,46.0013256,17.0536354,0,0.395799234,0,0,4.59204324,0.910232727,3.9092261,1.48257657,4.25919696,1.34825418,0.087670594,0.061772356,0.001223923,0.003304472,0.000326768,8.50E-06,1.09E-06,0,0,0,0.001998667,0,0,,,,,,
Brazil,10,20,8,8,700,2396.45547,4751.80836,1980.26732,746.788816,0.016135582,2602.46484,-2425.72503,-1586.74658,0.293065369,-4415.2698,10,28.3473834,20,8,8,46,46,46.0006276,46.0006276,46.0006276,17.6532442,0,0.524818294,0,0,4.55010262,0.902537722,3.87513428,1.48238471,4.66246519,1.4925002,0.097731082,0.058200656,0.001312477,0.003725008,0.00032327,8.66E-06,1.21E-06,0,0,0,0.001998775,0,0,,,,,,
Brazil,10,20,8,8,750,2396.45547,4751.80836,1980.26732,746.788816,0.020955553,3252.68236,-2329.54404,-2103.43868,0.295705342,-4426.17003,10,27.9227571,20,8,8,46,46,46.000155,46.000155,46.000155,18.077398,0,0.638400564,0,0,4.48333787,0.889730964,3.81940903,1.47032262,4.99494653,1.61279278,0.106261134,0.054398254,0.001378857,0.004094522,0.000315958,8.70E-06,1.32E-06,0,0,0,0.001998852,0,0,,,,,,
Brazil,10,20,8,8,800,2396.45547,4751.80836,1980.26732,746.788816,0.026327558,3922.89608,-2274.10687,-2631.35663,0.298441093,-4438.09576,10,27.6265767,20,8,8,46,46,46.0004948,46.0004948,46.0004948,18.3739181,0,0.738151343,0,0,4.40224015,0.873955087,3.75114728,1.45096931,5.27127563,1.71382472,0.113540109,0.05064923,0.001429927,0.004420445,0.000305926,8.64E-06,1.42E-06,0,0,6.66E-12,0.001998909,0,0,,,,,,
Brazil,10,20,8,8,850,2396.45547,4751.80836,1980.26732,746.788816,0.032344658,4613.18452,-2255.35624,-3169.57377,0.301195802,-4450.32317,10,27.4234302,20,8,8,46,46,46.0015084,46.0015084,46.0015084,18.5780782,0,0.825844082,0,0,4.31382362,0.856640381,3.67642504,1.42736843,5.50317129,1.7994345,0.119798304,0.047090264,0.001470409,0.004708933,0.000293967,8.49E-06,1.50E-06,0,0,0,0.001998953,0,0,,,,,,
Brazil,10,20,8,8,900,2396.45547,4751.80836,1980.26732,746.788816,0.039125678,5323.59509,-2269.57929,-3717.40945,0.303942713,-4462.65191,10,27.2936213,20,8,8,46,46,46.0076146,46.0076146,46.0076146,18.7139933,0,0.902543263,0,0,4.22317747,0.838819367,3.59963711,1.4016328,5.69849642,1.87199778,0.125168928,0.043764965,0.001502785,0.004962983,0.000280632,8.27E-06,1.56E-06,0,0,7.15E-12,0.001998986,0,0,,,,,,
Brazil,10,20,8,8,950,2396.45547,4751.80836,1980.26732,746.788816,0.046825988,6054.14872,-2314.9207,-4273.36319,0.306559739,-4473.86445,10,27.1954018,20,8,8,46,46,46.0005162,46.0005162,46.0005162,18.8051145,0,0.97209714,0,0,4.13135138,0.820726983,3.52174716,1.37467728,5.86864493,1.93614364,0.129973744,0.040751145,0.00153149,0.005194131,0.000266824,8.00E-06,1.59E-06,0,0,0,0.001999013,0,0,,,,,,
Brazil,10,20,8,8,1000,2396.45547,4751.80836,1980.26732,746.788816,0.05565458,6804.8442,-2387.99562,-4837.47169,0.3091233,-4484.8841,10,27.1413419,20,8,8,46,46,46.0001571,46.0001571,46.0001571,18.8588152,0,1.03315719,0,0,4.04229765,0.803148524,3.44612491,1.34779909,6.01391955,1.99105235,0.134122128,0.037980228,0.001555178,0.005397473,0.000252591,7.70E-06,1.61E-06,0,0,0,0.001999035,0,0,,,,,,
Brazil,10,20,8,8,1050,2396.45547,4751.80836,1980.26732,746.788816,0.065902508,7575.66236,-2487.24022,-5408.86343,0.31161417,-4495.33842,10,27.1142962,20,8,8,46,46,46.0005904,46.0005904,46.0005904,18.8862942,0,1.08758105,0,0,3.95648715,0.7861891,3.37320187,1.32140972,6.13991807,2.03888431,0.137762417,0.035460154,0.001575556,0.005578407,0.000238414,7.37E-06,1.60E-06,0,0,6.81E-12,0.001999052,0,0,,,,,,
Brazil,10,20,8,8,1100,2396.45547,4751.80836,1980.26732,746.788816,0.077993182,8366.56974,-2611.10567,-5986.98127,0.314012721,-4505.24137,10,27.1080168,20,8,8,46,46,46.0023377,46.0023377,46.0023377,18.8943209,0,1.13621562,0,0,3.8745741,0.769984439,3.30355074,1.29585443,6.24975819,2.08068421,0.140961912,0.03317252,0.001593191,0.005739286,0.000224553,7.02E-06,1.59E-06,0,0,0,0.001999066,0,0,,,,,,
Brazil,10,20,8,8,1150,2396.45547,4751.80836,1980.26732,746.788816,0.092578551,9177.52176,-2758.70919,-6571.06256,0.316307098,-4514.42323,10,27.1131242,20,8,8,46,46,46.002053,46.002053,46.002053,18.8889288,0,1.18024612,0,0,3.79651934,0.754532576,3.23715323,1.27125268,6.34681136,2.11778155,0.143815155,0.031105344,0.001608975,0.00588387,0.000211246,6.68E-06,1.56E-06,0,0,0,0.001999078,0,0,,,,,,
Brazil,10,20,8,8,1200,2396.45547,4751.80836,1980.26732,746.788816,0.110743155,10008.4655,-2928.96167,-7160.70592,0.318509514,-4523.01382,10,27.128342,20,8,8,46,46,46.0016802,46.0016802,46.0016802,18.8733382,0,1.22007226,0,0,3.722593,0.739889548,3.17424578,1.24774914,6.43269211,2.15066713,0.146353512,0.029233843,0.001623012,0.006013391,0.000198587,6.33E-06,1.52E-06,0,0,0,0.001999088,0,0,,,,,,
China,13,40,14,15,500,3115.39211,9503.61672,3465.46782,1400.22903,0.001918258,353.404461,-5762.88997,619.986013,0.51557043,-7842.80445,13,57.5826299,40,14,15,82,82,82.0002269,82.0002269,82.0002269,24.417597,0,0,0,0,7.6796148,1.51638923,6.52232334,2.36326574,4.69352243,1.41992759,0.09033328,0.122888795,0.001451224,0.003308733,0.000561037,1.34E-05,1.31E-06,0,0,0,0.003996056,0,0,,,,,,
China,13,40,14,15,550,3115.39211,9503.61672,3465.46782,1400.22903,0.007687205,1370.44101,-5353.91362,-203.098027,0.519339537,-7830.65355,13,55.4380427,40,14,15,82,82,82.0090171,82.0090171,82.0090171,26.5709744,0,0.095260556,0,0,8.09134063,1.59900852,6.87550576,2.51344547,5.50234853,1.66561063,0.106027689,0.112356952,0.001611942,0.003907653,0.000539007,1.33E-05,1.42E-06,0,0,0,0.003996417,0,0,,,,,,
China,13,40,14,15,600,3115.39211,9503.61672,3465.46782,1400.22903,0.014063073,2421.90285,-4919.95026,-1050.75206,0.522224161,-7828.53752,13,53.3748062,40,14,15,82,82,82.002495,82.002495,82.002495,28.6276888,0,0.385893189,0,0,8.19494306,1.62224856,6.97078137,2.60075285,6.56698726,2.03258631,0.130705869,0.111448341,0.001899428,0.00486834,0.000561442,1.42E-05,1.66E-06,0,0,1.04E-11,0.003996944,0,0,,,,,,
China,13,40,14,15,650,3115.39211,9503.61672,3465.46782,1400.22903,0.021127431,3508.20137,-4579.51686,-1924.07069,0.526129764,-7837.68099,13,51.8837131,40,14,15,82,82,82.0050784,82.0050784,82.0050784,30.1213653,0,0.645206408,0,0,8.19172688,1.623343,6.97256811,2.63568215,7.44213212,2.33960636,0.15169756,0.106996215,0.002112559,0.005713103,0.000566932,1.48E-05,1.89E-06,0,0,0,0.003997277,0,0,,,,,,
China,13,40,14,15,700,3115.39211,9503.61672,3465.46782,1400.22903,0.02897816,4629.679,-4327.25275,-2821.06898,0.53067658,-7853.4502,13,50.8145825,40,14,15,82,82,82.0056331,82.0056331,82.0056331,31.1910506,0,0.875118877,0,0,8.11717838,1.60973357,6.91214883,2.63668356,8.16101927,2.5953534,0.169479335,0.101033317,0.002270633,0.006454657,0.000562076,1.51E-05,2.12E-06,0,0,0,0.003997503,0,0,,,,,,
China,13,40,14,15,750,3115.39211,9503.61672,3465.46782,1400.22903,0.037734226,5786.60654,-4155.63454,-3739.81036,0.535586245,-7872.8734,13,50.0556899,40,14,15,82,82,82.0041469,82.0041469,82.0041469,31.948457,0,1.07783954,0,0,7.99804375,1.58692766,6.81283386,2.61610286,8.75439251,2.8090714,0.184589483,0.094593304,0.002389862,0.007107409,0.000550244,1.52E-05,2.32E-06,0,0,0,0.003997664,0,0,,,,,,
China,13,40,14,15,800,3115.39211,9503.61672,3465.46782,1400.22903,0.047542393,6979.18601,-4056.84726,-4678.45011,0.540651041,-7893.92035,13,49.5210282,40,14,15,82,82,82.0002363,82.0002363,82.0002363,32.4792081,0,1.25640493,0,0,7.85290273,1.55872846,6.69075634,2.58219716,9.24860745,2.98916535,0.1975283,0.088201339,0.0024824,0.007684809,0.00053347,1.51E-05,2.49E-06,0,0,0,0.003997783,0,0,,,,,,
China,13,40,14,15,850,3115.39211,9503.61672,3465.46782,1400.22903,0.058586842,8207.55669,-4023.44429,-5635.50439,0.545766598,-7915.68838,13,49.1571042,40,14,15,82,82,82.0010728,82.0010728,82.0010728,32.8439686,0,1.41296804,0,0,7.69509726,1.52785091,6.55745905,2.54062114,9.66255744,3.14142721,0.208626238,0.082082742,0.002555518,0.008194698,0.000513042,1.48E-05,2.63E-06,0,0,1.17E-11,0.003997873,0,0,,,,,,
China,13,40,14,15,900,3115.39211,9503.61672,3465.46782,1400.22903,0.071103357,9471.80274,-4049.42489,-6609.29875,0.550814287,-7937.09834,13,48.9110284,40,14,15,82,82,82.0008219,82.0008219,82.0008219,33.0897935,0,1.55124799,0,0,7.53224099,1.49585712,6.41956224,2.4949003,10.0137646,3.27182174,0.218252951,0.076376792,0.002615439,0.008647859,0.000490269,1.45E-05,2.73E-06,0,0,0,0.003997943,0,0,,,,,,
China,13,40,14,15,950,3115.39211,9503.61672,3465.46782,1400.22903,0.085400913,10771.9612,-4129.53533,-7598.53598,0.555758004,-7957.86097,13,48.754076,40,14,15,82,82,82.0024049,82.0024049,82.0024049,33.2483289,0,1.67346301,0,0,7.3699447,1.46389053,6.28192419,2.44748402,10.3137037,3.3839851,0.226623623,0.071113796,0.002665329,0.009050084,0.000466078,1.40E-05,2.79E-06,0,0,1.27E-11,0.003997999,0,0,,,,,,
China,13,40,14,15,1000,3115.39211,9503.61672,3465.46782,1400.22903,0.101895894,12108.0301,-4259.91501,-8601.73471,0.560531917,-7977.50002,13,48.6570016,40,14,15,82,82,82.001277,82.001277,82.001277,33.3442754,0,1.78245295,0,0,7.21104061,1.43253756,6.14702138,2.39981911,10.5729189,3.4816251,0.233977397,0.066309439,0.002708141,0.009409198,0.000441368,1.35E-05,2.81E-06,0,0,0,0.003998043,0,0,,,,,,
China,13,40,14,15,1050,3115.39211,9503.61672,3465.46782,1400.22903,0.121169026,13479.9752,-4437.04429,-9617.85988,0.565146379,-7996.09307,13,48.6072903,40,14,15,82,82,82.0008689,82.0008689,82.0008689,33.3935786,0,1.87969064,0,0,7.05785361,1.40227338,6.01687037,2.35296353,10.797883,3.56676757,0.240437041,0.061934983,0.002745045,0.009728982,0.000416714,1.29E-05,2.81E-06,0,0,0,0.003998079,0,0,,,,,,
China,13,40,14,15,1100,3115.39211,9503.61672,3465.46782,1400.22903,0.144066053,14887.7373,-4658.33745,-10645.7916,0.56958644,-8013.568,13,48.5914787,40,14,15,82,82,82.0003277,82.0003277,82.0003277,33.408849,0,1.96690763,0,0,6.9113828,1.37330796,5.89235273,2.30750419,10.9945886,3.64150208,0.246140603,0.057964871,0.002777306,0.010014421,0.000392614,1.23E-05,2.78E-06,0,0,0,0.003998108,0,0,,,,,,
China,13,40,14,15,1150,3115.39211,9503.61672,3465.46782,1400.22903,0.171890156,16331.2372,-4921.66174,-11684.5627,0.573856952,-8029.96426,13,48.6009568,40,14,15,82,82,82.0000244,82.0000244,82.0000244,33.3990675,0,2.0454244,0,0,6.77217405,1.34575773,5.77395457,2.26380303,11.1675544,3.70738467,0.25119183,0.054365779,0.002805715,0.010269451,0.000369401,1.17E-05,2.73E-06,0,0,0,0.003998133,0,0,,,,,,
China,13,40,14,15,1200,3115.39211,9503.61672,3465.46782,1400.22903,0.206809971,17810.3811,-5224.80646,-12733.6553,0.577989263,-8045.60284,13,48.6354934,40,14,15,82,82,82.0050087,82.0050087,82.0050087,33.3695153,0,2.11577218,0,0,6.64083422,1.3197473,5.66220374,2.22215505,11.3193041,3.76508912,0.255630106,0.051094553,0.00283029,0.010495519,0.000347233,1.11E-05,2.67E-06,0,0,0,0.003998153,0,0,,,,,,
Saudi Arabia,6,20,10,6,500,1437.87328,4751.80836,2475.33415,560.091612,0.000990591,182.634573,-3002.88191,319.750014,0.262409353,-4056.84364,6,29.2343488,20,10,6,42,42,42.013586,42.013586,42.013586,12.7792372,0,0.011109139,0,0,4.00250168,0.790464208,3.39971601,1.23454735,2.47285639,0.750415125,0.047798313,0.065006516,0.000768613,0.0017514,0.000296617,7.08E-06,6.90E-07,0,0,1.05E-11,0.001998052,0,0,,,,,,
Saudi Arabia,6,20,10,6,550,1437.87328,4751.80836,2475.33415,560.091612,0.003960291,708.098757,-2734.12253,-105.211235,0.263049751,-4047.70528,6,27.8271609,20,10,6,42,42,42.0106938,42.0106938,42.0106938,14.1835329,0,0.172977912,0,0,4.13396134,0.818235521,3.5161201,1.3105084,3.1214528,0.975366778,0.062890871,0.066402809,0.000966222,0.002326677,0.000316498,7.75E-06,8.20E-07,0,0,0,0.0019984,0,0,,,,,,
Saudi Arabia,6,20,10,6,600,1437.87328,4751.80836,2475.33415,560.091612,0.007226827,1251.16924,-2512.37766,-544.184917,0.264326312,-4046.20148,6,26.764991,20,10,6,42,42,42.0006078,42.0006078,42.0006078,15.2356168,0,0.322427068,0,0,4.18576999,0.829585316,3.56305147,1.3494031,3.66866811,1.16960595,0.076142387,0.064667578,0.001118088,0.002846352,0.00032365,8.15E-06,9.43E-07,0,0,0,0.001998609,0,0,,,,,,
Saudi Arabia,6,20,10,6,650,1437.87328,4751.80836,2475.33415,560.091612,0.010828165,1812.06086,-2338.55599,-996.342583,0.266167862,-4050.97545,6,26.0083728,20,10,6,42,42,42.0054366,42.0054366,42.0054366,15.9970638,0,0.454350729,0,0,4.18433179,0.829997185,3.56364757,1.36373722,4.11561543,1.32999708,0.087246221,0.061285545,0.001227233,0.003296959,0.000322635,8.37E-06,1.06E-06,0,0,0,0.001998745,0,0,,,,,,
Saudi Arabia,6,20,10,6,700,1437.87328,4751.80836,2475.33415,560.091612,0.014809661,2390.95243,-2209.75606,-1460.55432,0.268314588,-4058.78846,6,25.4579645,20,10,6,42,42,42.0020159,42.0020159,42.0020159,16.5440514,0,0.572293524,0,0,4.14571223,0.822819949,3.53201651,1.36172986,4.48420398,1.46388828,0.096669573,0.057390434,0.00130768,0.003693569,0.000317277,8.47E-06,1.17E-06,0,0,6.53E-12,0.001998839,0,0,,,,,,
Saudi Arabia,6,20,10,6,750,1437.87328,4751.80836,2475.33415,560.091612,0.019226225,2987.98536,-2122.13579,-1935.94525,0.270671186,-4068.66884,6,25.070869,20,10,6,42,42,42.0011897,42.0011897,42.0011897,16.9303206,0,0.675826379,0,0,4.08477973,0.811069406,3.4809964,1.34943183,4.78743776,1.5750388,0.104620132,0.053395038,0.001366997,0.004040756,0.000308758,8.48E-06,1.28E-06,0,0,0,0.001998908,0,0,,,,,,
Saudi Arabia,6,20,10,6,800,1437.87328,4751.80836,2475.33415,560.091612,0.024145351,3603.26514,-2071.62627,-2421.60048,0.273110393,-4079.51263,6,24.8013055,20,10,6,42,42,42.0015134,42.0015134,42.0015134,17.2002079,0,0.766700425,0,0,4.01085363,0.79664254,3.41865139,1.33081517,5.03932545,1.66821765,0.111391675,0.049544329,0.001412158,0.004346701,0.000298029,8.39E-06,1.37E-06,0,0,0,0.001998959,0,0,,,,,,
Saudi Arabia,6,20,10,6,850,1437.87328,4751.80836,2475.33415,560.091612,0.02965147,4236.86451,-2054.64036,-2916.59463,0.27556634,-4090.51124,6,24.6133808,20,10,6,42,42,42.000078,42.000078,42.000078,17.3866971,0,0.846904384,0,0,3.9300158,0.780777303,3.35024402,1.30849007,5.25129234,1.74742578,0.11723444,0.045951931,0.001448065,0.004618551,0.000285795,8.23E-06,1.44E-06,0,0,0,0.001998998,0,0,,,,,,
Saudi Arabia,6,20,10,6,900,1437.87328,4751.80836,2475.33415,560.091612,0.035852371,4888.82741,-2067.80972,-3420.30515,0.2780113,-4101.53079,6,24.4904158,20,10,6,42,42,42.0019424,42.0019424,42.0019424,17.5115266,0,0.917258984,0,0,3.84702417,0.764434613,3.27987148,1.28434695,5.43030699,1.81476757,0.12226527,0.042633885,0.001476883,0.004858786,0.000272469,8.01E-06,1.49E-06,0,0,0,0.001999028,0,0,,,,,,
Saudi Arabia,6,20,10,6,950,1437.87328,4751.80836,2475.33415,560.091612,0.042888969,5559.17321,-2108.82363,-3931.80089,0.280388786,-4112.01864,6,24.4079038,20,10,6,42,42,42.0009078,42.0009078,42.0009078,17.593004,0,0.979912016,0,0,3.76392138,0.748036275,3.2093169,1.2594047,5.58411386,1.87316241,0.126677797,0.039616672,0.001501326,0.005073744,0.000258643,7.74E-06,1.53E-06,0,0,0,0.001999052,0,0,,,,,,
Saudi Arabia,6,20,10,6,1000,1437.87328,4751.80836,2475.33415,560.091612,0.050950798,6247.9008,-2175.42791,-4450.52701,0.282692305,-4122.01705,6,24.3578953,20,10,6,42,42,42.000076,42.000076,42.000076,17.6421806,0,1.03560266,0,0,3.68272484,0.731990378,3.14031915,1.23448725,5.71676479,1.92383219,0.130542025,0.036877301,0.00152215,0.005265226,0.000244638,7.44E-06,1.54E-06,0,0,0,0.001999072,0,0,,,,,,
Saudi Arabia,6,20,10,6,1050,1437.87328,4751.80836,2475.33415,560.091612,0.060301794,6954.99242,-2265.78757,-4975.98005,0.28492714,-4131.56254,6,24.3339095,20,10,6,42,42,42.0011268,42.0011268,42.0011268,17.6672173,0,1.08509964,0,0,3.60460287,0.716534818,3.07388932,1.21010918,5.83161229,1.96783984,0.133922549,0.034393156,0.001539932,0.005435204,0.000230742,7.11E-06,1.54E-06,0,0,6.73E-12,0.001999087,0,0,,,,,,
Saudi Arabia,6,20,10,6,1100,1437.87328,4751.80836,2475.33415,560.091612,0.071325908,7680.41707,-2378.7844,-5507.44587,0.28707277,-4140.47427,6,24.3256616,20,10,6,42,42,42.0009183,42.0009183,42.0009183,17.6752567,0,1.12963145,0,0,3.5297933,0.7017229,3.01024589,1.1864866,5.93232291,2.00661513,0.136919402,0.032151317,0.001555655,0.005587471,0.000217242,6.78E-06,1.52E-06,0,0,0,0.0019991,0,0,,,,,,
Saudi Arabia,6,20,10,6,1150,1437.87328,4751.80836,2475.33415,560.091612,0.084614337,8424.13345,-2513.2019,-6044.51953,0.289138006,-4148.85897,6,24.3308382,20,10,6,42,42,42.0012596,42.0012596,42.0012596,17.6704214,0,1.16966722,0,0,3.45873518,0.687644587,2.94977027,1.1638281,6.02082521,2.04075188,0.139569764,0.030124978,0.001569478,0.005723375,0.000204278,6.44E-06,1.50E-06,0,0,0,0.001999111,0,0,,,,,,
Saudi Arabia,6,20,10,6,1200,1437.87328,4751.80836,2475.33415,560.091612,0.101150601,9186.09249,-2668.36712,-6586.60863,0.291120219,-4156.64218,6,24.3437151,20,10,6,42,42,42.0003438,42.0003438,42.0003438,17.6566287,0,1.20601889,0,0,3.39132762,0.674283109,2.89238493,1.14217647,6.09941327,2.07116188,0.141939708,0.028296553,0.001581942,0.005845651,0.000191981,6.11E-06,1.46E-06,0,0,7.06E-12,0.00199912,0,0,,,,,,
Spain,7,26,13,8,500,1677.51883,6177.35087,3217.9344,746.788816,0.001272346,234.528396,-3858.99884,410.483807,0.338786235,-5208.53205,7,37.6493733,26,13,8,54,54,54.0003065,54.0003065,54.0003065,16.3509332,0,0,0,0,5.14258772,1.01543687,4.36761729,1.58253902,3.14296331,0.950837061,0.060490544,0.082290945,0.000971793,0.002215651,0.000375691,8.97E-06,8.75E-07,0,0,0,0.002597436,0,0,,,,,,
Spain,7,26,13,8,550,1677.51883,6177.35087,3217.9344,746.788816,0.005090221,909.320318,-3516.42696,-135.049063,0.339699428,-5197.00127,7,35.8600753,26,13,8,54,54,54.0006625,54.0006625,54.0006625,18.1405872,0,0.202219719,0,0,5.31560663,1.05193314,4.52067936,1.68122366,3.96453272,1.23389467,0.079429947,0.083902603,0.001218679,0.002937071,0.000400219,9.81E-06,1.04E-06,0,0,0,0.002597892,0,0,,,,,,
Spain,7,26,13,8,600,1677.51883,6177.35087,3217.9344,746.788816,0.009295537,1606.75354,-3231.56801,-698.615048,0.341443248,-5195.85914,7,34.514806,26,13,8,54,54,54.0028802,54.0028802,54.0028802,19.4880742,0,0.392155322,0,0,5.38400632,1.06690582,4.58260966,1.73221772,4.6634931,1.48066837,0.096224841,0.081767702,0.001410893,0.003595168,0.000409594,1.03E-05,1.20E-06,0,0,8.01E-12,0.00259817,0,0,,,,,,
Spain,7,26,13,8,650,1677.51883,6177.35087,3217.9344,746.788816,0.013938588,2327.10355,-3007.96193,-1279.09468,0.343847314,-5201.90587,7,33.538836,26,13,8,54,54,54.0068658,54.0068658,54.0068658,20.4680298,0,0.562167467,0,0,5.38193262,1.06742187,4.58326591,1.75118057,5.23870564,1.68652862,0.110453666,0.077630703,0.00155149,0.00417191,0.000409039,1.06E-05,1.35E-06,0,0,0,0.002598351,0,0,,,,,,
Spain,7,26,13,8,700,1677.51883,6177.35087,3217.9344,746.788816,0.019079533,3070.59963,-2842.30923,-1875.06403,0.346648172,-5211.89956,7,32.8291768,26,13,8,54,54,54.0011354,54.0011354,54.0011354,21.1719586,0,0.714056306,0,0,5.33212769,1.0581843,4.54252152,1.74896288,5.71301087,1.85842664,0.122533861,0.072786011,0.001655351,0.004679671,0.000402729,1.08E-05,1.49E-06,0,0,0,0.002598477,0,0,,,,,,
Spain,7,26,13,8,750,1677.51883,6177.35087,3217.9344,746.788816,0.024791274,3837.42314,-2729.62192,-2485.41982,0.349716207,-5224.61871,7,32.3313663,26,13,8,54,54,54.000118,54.000118,54.000118,21.6687516,0,0.847213912,0,0,5.25377498,1.04308781,4.47695011,1.733429,6.10292022,2.0010258,0.1327182,0.067772747,0.001731935,0.005123759,0.00039221,1.08E-05,1.63E-06,0,0,0,0.002598568,0,0,,,,,,
Spain,7,26,13,8,800,1677.51883,6177.35087,3217.9344,746.788816,0.031163507,4627.70933,-2664.65587,-3108.9793,0.352912745,-5238.59145,7,31.9851316,26,13,8,54,54,54.0009016,54.0009016,54.0009016,22.0157699,0,0.964046586,0,0,5.15874133,1.02455165,4.39682993,1.70970782,6.42673243,2.12055319,0.141390907,0.062920978,0.001790293,0.005514981,0.000378775,1.07E-05,1.74E-06,0,0,8.64E-12,0.002598635,0,0,,,,,,
Spain,7,26,13,8,850,1677.51883,6177.35087,3217.9344,746.788816,0.038308524,5441.55149,-2642.76392,-3744.5749,0.35612425,-5252.80723,7,31.7449854,26,13,8,54,54,54.0002849,54.0002849,54.0002849,22.2552995,0,1.06704247,0,0,5.05490662,1.0041804,4.30898099,1.68119119,6.69901885,2.22205912,0.148865993,0.058380655,0.001836625,0.005862235,0.000363339,1.05E-05,1.84E-06,0,0,0,0.002598687,0,0,,,,,,
Spain,7,26,13,8,900,1677.51883,6177.35087,3217.9344,746.788816,0.046369774,6279.00596,-2659.82837,-4391.25096,0.359303046,-5266.85934,7,31.5837716,26,13,8,54,54,54.0002849,54.0002849,54.0002849,22.4165133,0,1.15784975,0,0,4.94791191,0.98311794,4.21827304,1.65021833,6.92979779,2.30881194,0.155337858,0.054192531,0.001874314,0.006170545,0.000346544,1.02E-05,1.90E-06,0,0,0,0.002598727,0,0,,,,,,
Spain,7,26,13,8,950,1677.51883,6177.35087,3217.9344,746.788816,0.055534895,7140.09757,-2712.39384,-5048.15597,0.362420148,-5280.52878,7,31.4819227,26,13,8,54,54,54.0022836,54.0022836,54.0022836,22.5203609,0,1.23800264,0,0,4.84137487,0.962099204,4.1278325,1.61832666,7.1267832,2.38333357,0.160958146,0.050361031,0.001905538,0.006444042,0.000328964,9.85E-06,1.95E-06,0,0,0,0.002598759,0,0,,,,,,
Spain,7,26,13,8,1000,1677.51883,6177.35087,3217.9344,746.788816,0.066056367,8024.82491,-2798.12655,-5714.17526,0.365423155,-5293.33828,7,31.4163284,26,13,8,54,54,54.0001835,54.0001835,54.0001835,22.5838551,0,1.30976748,0,0,4.73683378,0.941444499,4.03900909,1.58634648,7.29759348,2.44850432,0.16592035,0.046892179,0.001932667,0.006689355,0.000311218,9.47E-06,1.96E-06,0,0,0,0.002598785,0,0,,,,,,
Spain,7,26,13,8,1050,1677.51883,6177.35087,3217.9344,746.788816,0.078285892,8933.1652,-2914.0826,-6389.07263,0.368362372,-5305.7972,7,31.3897619,26,13,8,54,54,54.0048502,54.0048502,54.0048502,22.6150883,0,1.37301393,0,0,4.63668069,0.921632644,3.95385142,1.55514597,7.44448942,2.50455982,0.170217575,0.043732947,0.001955273,0.006905244,0.000293519,9.05E-06,1.96E-06,0,0,0,0.002598805,0,0,,,,,,
Spain,7,26,13,8,1100,1677.51883,6177.35087,3217.9344,746.788816,0.092735199,9865.07869,-3059.45195,-7071.4891,0.371155613,-5317.22925,7,31.3783922,26,13,8,54,54,54.003935,54.003935,54.003935,22.6255428,0,1.4303777,0,0,4.54039053,0.90257089,3.87194194,1.52481365,7.57412321,2.5544092,0.174063874,0.040890091,0.001975728,0.007100203,0.000276382,8.63E-06,1.94E-06,0,0,0,0.002598822,0,0,,,,,,
Spain,7,26,13,8,1150,1677.51883,6177.35087,3217.9344,746.788816,0.110192312,10820.5124,-3232.7276,-7760.85912,0.373828584,-5327.79388,7,31.3798349,26,13,8,54,54,54.0002313,54.0002313,54.0002313,22.6203964,0,1.48239003,0,0,4.44859644,0.884388193,3.79382862,1.49563242,7.6888401,2.59875247,0.177502507,0.038326758,0.00199417,0.007275804,0.000259965,8.20E-06,1.91E-06,0,0,0,0.002598837,0,0,,,,,,
Spain,7,26,13,8,1200,1677.51883,6177.35087,3217.9344,746.788816,0.131968191,11799.4035,-3432.07807,-8457.10801,0.376421374,-5337.93066,7,31.3993587,26,13,8,54,54,54.001321,54.001321,54.001321,22.6019623,0,1.5288668,0,0,4.36210946,0.867246259,3.72020437,1.46788578,7.78935422,2.63748665,0.180515044,0.035999793,0.002010005,0.007431105,0.000244299,7.78E-06,1.86E-06,0,0,0,0.002598849,0,0,,,,,,
USA,86,170,66,66,500,20609.517,40390.3711,16337.2054,6161.00773,0.009157756,1677.37526,-22418.2991,3066.09759,2.73588942,-37260.221,86,255.219055,170,66,66,388,388,388,388,388,132.780945,0,9.47722946,0,0,29.9311759,5.95824244,25.5459248,10.2596526,34.8569336,14.2063738,1.05143884,1.41067199,0.019010165,0.040880613,0.006260638,0.00014533,1.30E-05,0,0,0,0.016992089,0,0,,,,,,
USA,86,170,66,66,550,20609.517,40390.3711,16337.2054,6161.00773,0.037345682,6504.16914,-21969.7311,-994.90044,2.76828215,-37112.2657,86,247.153278,170,66,66,388,388,388,388,388,140.846722,0,7.55692106,0,0,33.2476262,6.61214497,28.3602734,11.2401373,37.6646132,14.0728173,0.988803318,1.02746224,0.016302333,0.037735499,0.004767894,0.000114413,1.13E-05,0,0,0,0.016991322,0,0,,,,,,
USA,86,170,66,66,600,20609.517,40390.3711,16337.2054,6161.00773,0.069662881,11493.7708,-21566.2248,-5077.20944,2.8244471,-37097.9843,86,243.052905,170,66,66,388,388,388,388,388,144.947095,0,5.81815332,0,0,35.9481987,7.14092671,30.6424531,11.9534198,38.4401504,13.284026,0.897082391,0.754344367,0.013589447,0.033941286,0.003716042,9.26E-05,1.04E-05,0,0,0,0.016990428,0,0,,,,,,
USA,86,170,66,66,650,20609.517,40390.3711,16337.2054,6161.00773,0.106959043,16648.1399,-21250.7737,-9178.40741,2.89616391,-37178.6914,86,241.658282,170,66,66,388,388,388,388,388,146.341718,0,4.33418386,0,0,38.0191259,7.54257406,32.3825639,12.4169044,37.8989662,12.3082281,0.809143223,0.567965232,0.011402764,0.030596622,0.00298665,7.74E-05,9.79E-06,0,0,0,0.016989476,0,0,,,,,,
USA,86,170,66,66,700,20609.517,40390.3711,16337.2054,6161.00773,0.150337268,21968.9078,-20454.5018,-13397.8804,2.94363022,-37274.3045,86,238.58599,170,66,66,388,388,388.002253,388.002253,388.002253,149.416263,0,4.5387142,0,0,38.3681928,7.61117367,32.6782458,12.5141103,39.6037809,12.7100984,0.833180905,0.495973113,0.011199631,0.031766429,0.002753134,7.37E-05,1.03E-05,0,0,0,0.016989662,0,0,,,,,,
USA,86,170,66,66,750,20609.517,40390.3711,16337.2054,6161.00773,0.201257688,27457.3643,-19643.4385,-17760.4565,2.97544196,-37366.3625,86,235.010401,170,66,66,388,388,388.001537,388.001537,388.001537,152.991136,0,5.49602166,0,0,37.8054972,7.50315596,32.2083783,12.410776,42.4065308,13.7258131,0.905287294,0.463259781,0.011757528,0.034893449,0.002689164,7.40E-05,1.13E-05,0,0,9.40E-12,0.016990308,0,0,,,,,,
USA,86,170,66,66,800,20609.517,40390.3711,16337.2054,6161.00773,0.261696915,33114.4718,-19175.9626,-22217.6913,3.00857716,-37466.929,86,232.514048,170,66,66,388,388,388.004847,388.004847,388.004847,155.490799,0,6.3370954,0,0,37.1216429,7.37006652,31.6326074,12.2463255,44.7365302,14.5790537,0.966830373,0.431129025,0.012186565,0.037652348,0.002602669,7.34E-05,1.21E-05,0,0,0,0.016990786,0,0,,,,,,
USA,86,170,66,66,850,20609.517,40390.3711,16337.2054,6161.00773,0.334401624,38940.8938,-19018.2373,-26761.5164,3.04204795,-37569.5514,86,230.789951,170,66,66,388,388,388.004487,388.004487,388.004487,157.214536,0,7.07773564,0,0,36.3750805,7.22382365,31.0015645,12.0461355,46.6942411,15.3031944,1.01983223,0.400726383,0.012527669,0.040098243,0.002500357,7.22E-05,1.27E-05,0,0,0,0.01699115,0,0,,,,,,
USA,86,170,66,66,900,20609.517,40390.3711,16337.2054,6161.00773,0.423308188,44937.0312,-19140.2468,-31385.3008,3.07538096,-37671.5169,86,229.647481,170,66,66,388,388,388.018587,388.018587,388.018587,158.371105,0,7.72936867,0,0,35.6067654,7.07274995,30.3506514,11.8275081,48.3506477,15.9208149,1.06561623,0.372451858,0.012804332,0.042264683,0.002387165,7.03E-05,1.32E-05,0,0,9.80E-12,0.016991432,0,0,,,,,,
USA,86,170,66,66,950,20609.517,40390.3711,16337.2054,6161.00773,0.534270901,51103.0605,-19519.0596,-36081.5446,3.10802149,-37769.3895,86,228.900434,170,66,66,388,388,388.02177,388.02177,388.02177,159.121336,0,8.30764715,0,0,34.8390348,6.92143207,29.6992996,11.6009684,49.7698771,16.4543628,1.10560692,0.346533342,0.013036869,0.044195517,0.002268135,6.80E-05,1.35E-05,0,0,0,0.016991655,0,0,,,,,,
USA,86,170,66,66,1000,20609.517,40390.3711,16337.2054,6161.00773,0.676401222,57438.9718,-20135.9994,-40843.5679,3.13967774,-37861.6285,86,228.428354,170,66,66,388,388,388.006135,388.006135,388.006135,159.57778,0,8.82416238,0,0,34.0867709,6.77292282,29.0604472,11.3735071,50.9981312,16.9196998,1.14081058,0.322950527,0.013237358,0.045922619,0.002147112,6.54E-05,1.36E-05,0,0,0,0.016991836,0,0,,,,,,
USA,86,170,66,66,1050,20609.517,40390.3711,16337.2054,6161.00773,0.864715845,63944.6068,-20971.1171,-45668.7982,3.17067766,-37950.9053,86,228.227237,170,66,66,388,388,388.030915,388.030915,388.030915,159.803678,0,9.28042074,0,0,33.3652478,6.63029542,28.4472163,11.1510119,52.0557886,17.3209471,1.17137716,0.301427474,0.013405681,0.047445664,0.002026073,6.26E-05,1.36E-05,0,0,0,0.01699198,0,0,,,,,,
USA,86,170,66,66,1100,20609.517,40390.3711,16337.2054,6161.00773,1.12588476,70619.6713,-22016.9303,-50548.6182,3.20038366,-38033.4584,86,228.151646,170,66,66,388,388,388.028151,388.028151,388.028151,159.876505,0,9.69274446,0,0,32.6727681,6.49329382,27.858371,10.9347475,52.9864137,17.6762209,1.19860986,0.28199039,0.013556,0.048815581,0.001908409,5.97E-05,1.35E-05,0,0,0,0.0169921,0,0,,,,,,
USA,86,170,66,66,1150,20609.517,40390.3711,16337.2054,6161.00773,1.51238254,77463.8,-23261.1421,-55480.0092,3.22923084,-38111.0703,86,228.199163,170,66,66,388,388,388.029404,388.029404,388.029404,159.830241,0,10.0635807,0,0,32.0149017,6.36304592,27.2987149,10.727048,53.8041987,17.9890805,1.22270118,0.264385164,0.013688115,0.050038466,0.001795174,5.67E-05,1.32E-05,0,0,0,0.0169922,0,0,,,,,,
USA,86,170,66,66,1200,20609.517,40390.3711,16337.2054,6161.00773,2.14424408,84476.5415,-24698.978,-60456.4467,3.25671395,-38182.316,86,228.299364,170,66,66,388,388,388.004533,388.004533,388.004533,159.705169,0,10.4020923,0,0,31.3894759,6.23915911,26.7664973,10.5280919,54.5336537,18.2696088,1.24438898,0.248500635,0.013808767,0.051144955,0.001687796,5.38E-05,1.29E-05,0,0,9.97E-12,0.016992284,0,0,,,,,,
