,CH4 flowrate,PUMP_BRAKE_POWER,COMP_BRAKE_POWER,HEAT1_HX_AREAC,HEAT1_HX_DUTY,HEAT2_HX_AREAC,HEAT2_HX_DUTY,COOL1_HX_AREAC,COOL1_HX_DUTY,HX1_HX_AREAC,HX1_HX_DUTY,HX2_HX_AREAC,HX2_HX_DUTY,DRUM_BAL_MASI_TFL,SMR_QCALC,SMR_BAL_MASI_TFL,WGS_BAL_MASI_TFL,PSA_QCALC,PSA_BAL_MOLI_TFL,VSA_QCALC,VSA_BAL_MASI_TFL,VSA_BAL_MOLI_TFL,CH4,CO2,H2,H2O,S1,S10,S11,S12,S13,S14,S15,S16,S17,S18,S19,S2,S3,S4,S5,S6,S7,S8,S9,S9-1,S9-2,CH4,CO,CO2,H2,H2O
0,4.32880012,0.030314295,1.15549968,0.011237824,79.5307335,0.009111766,10.8719518,0.265424296,1431.32044,0.031016181,884.603057,0.038520548,2189.74768,18.9129607,5247.68545,18.9129606,18.9129606,-6.84852731,1.21208515,-0.170909712,10.9232815,0.442437535,4.32880012,8.52699675,1.55151723,14.5841605,14.5841605,18.9129607,18.9129607,6.43816198,12.4747987,10.9232815,1.55151723,10.9232815,10.9232815,8.52699675,2.39628471,4.32880012,4.32880012,14.5841605,14.5841605,18.9129606,18.9129606,18.9129606,18.9129607,18.9129607,0,0,0.280104,8.18641635,0.0604764,0
0,4.53871961,0.031784347,1.21153413,0.011795204,83.3874722,0.009556456,11.3992483,0.279502146,1500.69839,0.032521847,927.500723,0.040388552,2295.93662,19.8301198,5502.16508,19.8301198,19.8301198,-7.180679,1.27086586,-0.183377341,11.4530281,0.46389337,4.53871961,8.9240751,1.6267597,15.2914002,15.2914002,19.8301198,19.8301198,6.75033206,13.0797878,11.4530281,1.6267597,11.4530281,11.4530281,8.9240751,2.52895299,4.53871961,4.53871961,15.2914002,15.2914002,19.8301198,19.8301198,19.8301198,19.8301198,19.8301198,0,0,0.280104,8.5834947,0.0604764,0
0,4.59406644,0.032171937,1.22630802,0.011942358,84.40433,0.009675413,11.5415092,0.28302947,1517.61014,0.032986846,938.811011,0.040881065,2323.93412,20.0719357,5569.26052,20.0719357,20.0719357,-7.27003019,1.28645965,-0.186751894,11.5942681,0.46956788,4.59406644,9.03258907,1.64675578,15.4778692,15.4778692,20.0719357,20.0719357,6.83091188,13.2410239,11.5942681,1.64675578,11.5942681,11.5942681,9.03258907,2.56167902,4.59406644,4.59406644,15.4778692,15.4778692,20.0719357,20.0719357,20.0719357,20.0719357,20.0719357,0,0,0.280104,8.69200867,0.0604764,0
0,4.59204324,0.032157768,1.22576796,0.011936978,84.3671588,0.009671124,11.5364257,0.28289294,1516.94175,0.032972319,938.397564,0.040863061,2322.91068,20.0630961,5566.80785,20.0630961,20.0630961,-7.26682854,1.28589311,-0.186631205,11.5891622,0.469361086,4.59204324,9.02876161,1.64603058,15.4710529,15.4710529,20.0630961,20.0630961,6.82790336,13.2351928,11.5891622,1.64603058,11.5891622,11.5891622,9.02876161,2.56040058,4.59204324,4.59204324,15.4710529,15.4710529,20.0630961,20.0630961,20.0630961,20.0630961,20.0630961,0,0,0.280104,8.68818121,0.0604764,0
0,4.55010262,0.031864061,1.21457263,0.011825462,83.5966062,0.009582236,11.4310594,0.280065413,1503.08708,0.032671172,929.826875,0.040489845,2301.69478,19.8798534,5515.96439,19.8798534,19.8798534,-7.20045786,1.27414861,-0.184130541,11.4833143,0.465074256,4.55010262,8.94940896,1.63099682,15.3297507,15.3297507,19.8798534,19.8798534,6.76554222,13.1143112,11.4833143,1.63099682,11.4833143,11.4833143,8.94940896,2.53390538,4.55010262,4.55010262,15.3297507,15.3297507,19.8798534,19.8798534,19.8798534,19.8798534,19.8798534,0,0,0.280104,8.60882856,0.0604764,0
0,4.48333787,0.031396512,1.19675091,0.01164804,82.3699731,0.009438783,11.259499,0.275816084,1482.66534,0.032111316,916.183301,0.039895728,2267.92146,19.5881516,5435.02731,19.5881515,19.5881515,-7.09270049,1.2553393,-0.180066337,11.3129605,0.458229373,4.48333787,8.81856623,1.60687797,15.1048136,15.1048136,19.5881516,19.5881516,6.66831313,12.9198385,11.3129605,1.60687797,11.3129605,11.3129605,8.81856623,2.49439425,4.48333787,4.48333787,15.1048136,15.1048136,19.5881515,19.5881515,19.5881515,19.5881516,19.5881516,0,0,0.280104,8.47798583,0.0604764,0
0,4.40224015,0.03082859,1.17510325,0.011432689,80.880008,0.009267613,11.0570132,0.270298487,1455.34186,0.031555257,899.610743,0.039174067,2226.89773,19.2338274,5336.71478,19.2338274,19.2338274,-6.9650525,1.23266688,-0.175276799,11.1088971,0.449947006,4.40224015,8.66660741,1.57786934,14.8315873,14.8315873,19.2338274,19.2338274,6.547061,12.6867664,11.1088971,1.57786934,11.1088971,11.1088971,8.66660741,2.44228969,4.40224015,4.40224015,14.8315873,14.8315873,19.2338274,19.2338274,19.2338274,19.2338274,19.2338274,0,0,0.280104,8.32602701,0.0604764,0
0,4.31382362,0.030209415,1.15150196,0.011198103,79.2555783,0.00908035,10.834915,0.264388126,1426.12224,0.03092099,881.542565,0.038387277,2182.17173,18.8475268,5229.52985,18.8475268,18.8475268,-6.82515031,1.20790876,-0.170036488,10.8857696,0.440909944,4.31382362,8.49935582,1.54617757,14.5337032,14.5337032,18.8475268,18.8475268,6.41557959,12.4319472,10.8857696,1.54617757,10.8857696,10.8857696,8.49935582,2.3864138,4.31382362,4.31382362,14.5337032,14.5337032,18.8475268,18.8475268,18.8475268,18.8475268,18.8475268,0,0,0.280104,8.15877542,0.0604764,0
0,4.22317747,0.029574626,1.12730551,0.010957819,77.5901849,0.00888842,10.6072301,0.258350419,1396.16009,0.030271008,863.018757,0.037580648,2136.31787,18.4514847,5119.64201,18.4514847,18.4514847,-6.68172747,1.18252669,-0.164678635,10.657022,0.431645064,4.22317747,8.32790238,1.51368726,14.2283072,14.2283072,18.4514847,18.4514847,6.28077546,12.1707092,10.657022,1.51368726,10.657022,10.657022,8.32790238,2.32911959,4.22317747,4.22317747,14.2283072,14.2283072,18.4514847,18.4514847,18.4514847,18.4514847,18.4514847,0,0,0.280104,7.98732198,0.0604764,0
0,4.13135138,0.028931574,1.1027941,0.01071463,75.9031132,0.008694041,10.3765841,0.252257073,1365.80679,0.029612622,844.253825,0.036763518,2089.86713,18.0502873,5008.32376,18.0502873,18.0502873,-6.53643919,1.15681431,-0.159266649,10.425298,0.422259598,4.13135138,8.15422027,1.48077416,13.9189359,13.9189359,18.0502873,18.0502873,6.14421517,11.9060721,10.425298,1.48077416,10.425298,10.425298,8.15422027,2.27107772,4.13135138,4.13135138,13.9189359,13.9189359,18.0502873,18.0502873,18.0502873,18.0502873,18.0502873,0,0,0.280104,7.81363987,0.0604764,0
0,4.04229765,0.028307937,1.07902271,0.010478997,74.2669766,0.008505585,10.152913,0.246369074,1336.36501,0.028974353,826.055433,0.035971058,2044.81881,17.6612027,4900.36637,17.6612027,17.6612027,-6.39554365,1.13187856,-0.154034089,10.2005756,0.413157555,4.04229765,7.9857954,1.44885531,13.618905,13.618905,17.6612027,17.6612027,6.01177171,11.649431,10.2005756,1.44885531,10.2005756,10.2005756,7.9857954,2.21478025,4.04229765,4.04229765,13.618905,13.618905,17.6612027,17.6612027,17.6612027,17.6612027,17.6612027,0,0,0.280104,7.645215,0.0604764,0
0,3.95648715,0.027707012,1.05611706,0.010252146,72.6904261,0.008324037,9.93738938,0.240715865,1307.99477,0.028359364,808.519805,0.035207459,2001.41109,17.286288,4796.34066,17.286288,17.286288,-6.25978026,1.10785099,-0.149007626,9.98403821,0.404387006,3.95648715,7.82350629,1.41809898,13.3298009,13.3298009,17.286288,17.286288,5.88415081,11.4021372,9.98403821,1.41809898,9.98403821,9.98403821,7.82350629,2.16053192,3.95648715,3.95648715,13.3298009,13.3298009,17.286288,17.286288,17.286288,17.286288,17.286288,0,0,0.280104,7.48292589,0.0604764,0
0,3.8745741,0.027133381,1.03425176,0.01003578,71.1854813,0.008150777,9.73165691,0.235337905,1280.91214,0.027772354,791.780632,0.034478542,1959.97491,16.9284017,4697.03972,16.9284017,16.9284017,-6.13018436,1.0849148,-0.144224464,9.77733682,0.39601482,3.8745741,7.66859085,1.38873969,13.0538276,13.0538276,16.9284017,16.9284017,5.76232518,11.1660765,9.77733682,1.38873969,9.77733682,9.77733682,7.66859085,2.10874597,3.8745741,3.8745741,13.0538276,13.0538276,16.9284017,16.9284017,16.9284017,16.9284017,16.9284017,0,0,0.280104,7.32801045,0.0604764,0
0,3.79651934,0.026586768,1.01341637,0.009829771,69.7514229,0.007985714,9.53561515,0.230230076,1255.10506,0.027212999,775.829911,0.033783959,1920.49048,16.5873726,4602.41608,16.5873726,16.5873726,-6.00669285,1.06305896,-0.139680907,9.58037166,0.388036985,3.79651934,7.52097257,1.36076331,12.7908533,12.7908533,16.5873726,16.5873726,5.64623768,10.941135,9.58037166,1.36076331,9.58037166,9.58037166,7.52097257,2.05939908,3.79651934,3.79651934,12.7908533,12.7908533,16.5873726,16.5873726,16.5873726,16.5873726,16.5873726,0,0,0.280104,7.18039217,0.0604764,0
0,3.722593,0.026069067,0.993682987,0.009634806,68.3932137,0.007829415,9.34994339,0.225407404,1230.66248,0.026683251,760.722846,0.033126113,1883.09443,16.2643811,4512.79721,16.2643811,16.2643811,-5.88973358,1.04235914,-0.135391212,9.39382477,0.380481115,3.722593,7.38116332,1.33426668,12.5417881,12.5417881,16.2643811,16.2643811,5.53628962,10.7280915,9.39382477,1.33426668,9.39382477,9.39382477,7.38116332,2.01266145,3.722593,3.722593,12.5417881,12.5417881,16.2643811,16.2643811,16.2643811,16.2643811,16.2643811,0,0,0.280104,7.04058292,0.0604764,0
0,7.6796148,0.053779823,2.04994276,0.02027851,141.093463,0.016240642,19.2876548,0.506150515,2539.26939,0.055025021,1569.35191,0.06833833,3884.77597,33.5530051,9309.78601,33.553005,33.553005,-12.1497991,2.15032961,-0.375277086,19.3787173,0.78491724,7.6796148,14.8638946,2.75250748,25.8733902,25.8733902,33.5530051,33.5530051,11.4217803,22.1312248,19.3787173,2.75250748,19.3787173,19.3787173,14.8638946,4.51482277,7.6796148,7.6796148,25.8733902,25.8733902,33.553005,33.553005,33.553005,33.5530051,33.5530051,0,0,0.280104,14.5233142,0.0604764,0
0,8.09134063,0.056663112,2.15984598,0.021410961,148.657882,0.01712115,20.3216066,0.538293464,2675.45548,0.057972672,1653.48929,0.072002141,4093.04977,35.3518763,9808.90993,35.3518763,35.3518763,-12.8011215,2.26561147,-0.400865312,20.4176097,0.826998249,8.09134063,15.6423956,2.90007161,27.2605357,27.2605357,35.3518763,35.3518763,12.0341951,23.3176813,20.4176097,2.90007161,20.4176097,20.4176097,15.6423956,4.77521404,8.09134063,8.09134063,27.2605357,27.2605357,35.3518763,35.3518763,35.3518763,35.3518763,35.3518763,0,0,0.280104,15.3018152,0.0604764,0
0,8.19494306,0.057388632,2.18750089,0.021696681,150.561314,0.017345821,20.5874492,0.546059718,2707.30517,0.058833564,1674.66076,0.072924065,4145.45764,35.8045259,9934.50431,35.8045257,35.8045257,-12.9681275,2.29478772,-0.407457244,20.6817743,0.837617783,8.19494306,15.8449862,2.93747973,27.6095827,27.6095827,35.8045259,35.8045259,12.1852718,23.619254,20.6817743,2.93747973,20.6817743,20.6817743,15.8449862,4.83678809,8.19494306,8.19494306,27.6095827,27.6095827,35.8045257,35.8045257,35.8045257,35.8045259,35.8045259,0,0,0.280104,15.5044058,0.0604764,0
0,8.19172688,0.05736611,2.18664239,0.021687806,150.502224,0.017338935,20.5793684,0.54580531,2706.24258,0.058810474,1674.00352,0.072895445,4143.83072,35.7904739,9930.60542,35.7904739,35.7904739,-12.9630381,2.29388713,-0.407256951,20.6736578,0.837289054,8.19172688,15.8389023,2.93632694,27.598747,27.598747,35.7904739,35.7904739,12.1804891,23.6099848,20.6736578,2.93632694,20.6736578,20.6736578,15.8389023,4.83475555,8.19172688,8.19172688,27.598747,27.598747,35.7904739,35.7904739,35.7904739,35.7904739,35.7904739,0,0,0.280104,15.4983219,0.0604764,0
0,8.11717838,0.056844052,2.16674293,0.021482189,149.132585,0.017179349,20.392086,0.539919304,2681.61461,0.058275272,1658.76931,0.072232063,4106.11994,35.4647641,9840.23232,35.4647641,35.4647641,-12.8450678,2.27301167,-0.402614789,20.4855175,0.829669331,8.11717838,15.6978592,2.90960495,27.3475857,27.3475857,35.4647641,35.4647641,12.0696416,23.3951225,20.4855175,2.90960495,20.4855175,20.4855175,15.6978592,4.78765832,8.11717838,8.11717838,27.3475857,27.3475857,35.4647641,35.4647641,35.4647641,35.4647641,35.4647641,0,0,0.280104,15.3572788,0.0604764,0
0,7.99804375,0.05600976,2.13494196,0.021153925,146.943788,0.016921047,20.0863689,0.531025226,2644.99745,0.057284988,1634.4238,0.071171923,4045.85503,34.9442531,9695.80868,34.9442529,34.9442529,-12.6530137,2.23946071,-0.395037759,20.1817399,0.817457604,7.99804375,15.4648734,2.86658763,26.9462092,26.9462092,34.9442531,34.9442531,11.8959256,23.0483275,20.1817399,2.86658763,20.1817399,20.1817399,15.4648734,4.71686647,7.99804375,7.99804375,26.9462092,26.9462092,34.9442529,34.9442529,34.9442529,34.9442531,34.9442531,0,0,0.280104,15.124293,0.0604764,0
0,7.85290273,0.054993347,2.09619903,0.02075455,144.277189,0.016611701,19.7239681,0.519521705,2596.10105,0.056289582,1604.76381,0.069880362,3972.43463,34.3101173,9519.85821,34.3101173,34.3101173,-12.4245555,2.19888344,-0.386067858,19.8165213,0.80263455,7.85290273,15.1928992,2.81467022,26.4572146,26.4572146,34.3101173,34.3101173,11.6789258,22.6311915,19.8165213,2.81467022,19.8165213,19.8165213,15.1928992,4.62362213,7.85290273,7.85290273,26.4572146,26.4572146,34.3101173,34.3101173,34.3101173,34.3101173,34.3101173,0,0,0.280104,14.8523188,0.0604764,0
0,7.69509726,0.053888246,2.05407554,0.020321007,141.377914,0.016274271,19.327569,0.507273589,2543.94958,0.055157564,1572.51579,0.068476104,3892.60786,33.6206494,9328.55498,33.6206494,33.6206494,-12.1748591,2.15469527,-0.3762642,19.4182848,0.786505243,7.69509726,14.8943904,2.7581069,25.9255522,25.9255522,33.6206494,33.6206494,11.4442578,22.1763917,19.4182848,2.7581069,19.4182848,19.4182848,14.8943904,4.52389441,7.69509726,7.69509726,25.9255522,25.9255522,33.6206494,33.6206494,33.6206494,33.6206494,33.6206494,0,0,0.280104,14.55381,0.0604764,0
0,7.53224099,0.052747775,2.01060383,0.01987433,138.385842,0.015926209,18.9185038,0.494724461,2490.12041,0.053989734,1539.23564,0.0670269,3810.2261,32.9091141,9131.12879,32.9091141,32.9091141,-11.9171818,2.10909337,-0.366157569,19.0073117,0.769859801,7.53224099,14.5863509,2.69973417,25.3768731,25.3768731,32.9091141,32.9091141,11.2020682,21.7070459,19.0073117,2.69973417,19.0073117,19.0073117,14.5863509,4.42096084,7.53224099,7.53224099,25.3768731,25.3768731,32.9091141,32.9091141,32.9091141,32.9091141,32.9091141,0,0,0.280104,14.2457705,0.0604764,0
0,7.3699447,0.051611225,1.96728159,0.019429935,135.404059,0.015579509,18.5108605,0.482309696,2436.46974,0.052826243,1506.06991,0.065582679,3728.12762,32.2000254,8934.38146,32.2000254,32.2000254,-11.660399,2.06364874,-0.356097093,18.5977593,0.753271678,7.3699447,14.2793889,2.6415629,24.8300807,24.8300807,32.2000254,32.2000254,10.9607032,21.2393222,18.5977593,2.6415629,18.5977593,18.5977593,14.2793889,4.31837046,7.3699447,7.3699447,24.8300807,24.8300807,32.2000254,32.2000254,32.2000254,32.2000254,32.2000254,0,0,0.280104,13.9388085,0.0604764,0
0,7.21104061,0.05049843,1.92486484,0.018995548,132.484599,0.015240212,18.1117458,0.470242057,2383.93692,0.051687245,1473.59739,0.064168645,3647.7451,31.5057575,8741.7464,31.5057575,31.5057575,-11.4089878,2.0191542,-0.34625839,18.1967711,0.737030313,7.21104061,13.9788525,2.58460789,24.2947169,24.2947169,31.5057575,31.5057575,10.7243786,20.781379,18.1967711,2.58460789,18.1967711,18.1967711,13.9788525,4.21791859,7.21104061,7.21104061,24.2947169,24.2947169,31.5057575,31.5057575,31.5057575,31.5057575,31.5057575,0,0,0.280104,13.6382721,0.0604764,0
0,7.05785361,0.049425672,1.88397417,0.018577463,129.670176,0.01491327,17.7269976,0.45868977,2333.29108,0.050589376,1442.29318,0.062805485,3570.2546,30.8364682,8556.04201,30.8364682,30.8364682,-11.1666259,1.9762607,-0.336785044,17.8102132,0.721373322,7.05785361,13.6891373,2.52970238,23.7786146,23.7786146,30.8364682,30.8364682,10.4965527,20.3399155,17.8102132,2.52970238,17.8102132,17.8102132,13.6891373,4.12107582,7.05785361,7.05785361,23.7786146,23.7786146,30.8364682,30.8364682,30.8364682,30.8364682,30.8364682,0,0,0.280104,13.3485569,0.0604764,0
0,6.9113828,0.048399947,1.84487627,0.018178323,126.979146,0.014600794,17.3591214,0.447717882,2284.86425,0.049539713,1412.36144,0.06150209,3496.16153,30.1965226,8378.47947,30.1965226,30.1965226,-10.9348918,1.9352479,-0.327738008,17.4406048,0.706402801,6.9113828,13.4121283,2.47720425,23.2851398,23.2851398,30.1965226,30.1965226,10.2787135,19.9178091,17.4406048,2.47720425,17.4406048,17.4406048,13.4121283,4.02847654,6.9113828,6.9113828,23.2851398,23.2851398,30.1965226,30.1965226,30.1965226,30.1965226,30.1965226,0,0,0.280104,13.0715479,0.0604764,0
0,6.77217405,0.047425077,1.80771686,0.017799529,124.421538,0.014303931,17.0094868,0.437356299,2238.83749,0.048542139,1383.91372,0.060263318,3425.742,29.5883056,8209.72053,29.5883056,29.5883056,-10.7146483,1.89626858,-0.319150004,17.0893228,0.692174534,6.77217405,13.148856,2.42730911,22.8161316,22.8161316,29.5883056,29.5883056,10.0716738,19.5166319,17.0893228,2.42730911,17.0893228,17.0893228,13.148856,3.94046683,6.77217405,6.77217405,22.8161316,22.8161316,29.5883056,29.5883056,29.5883056,29.5883056,29.5883056,0,0,0.280104,12.8082756,0.0604764,0
0,6.64083422,0.046505313,1.77265793,0.017442643,122.008502,0.014023956,16.679618,0.427639041,2195.41144,0.047601003,1357.07404,0.059094568,3359.30302,29.0144688,8050.50086,29.0144688,29.0144688,-10.5068556,1.85949268,-0.311057331,16.7578985,0.678750547,6.64083422,12.9004682,2.38023445,22.3736346,22.3736346,29.0144688,29.0144688,9.87633586,19.1381329,16.7578985,2.38023445,16.7578985,16.7578985,12.9004682,3.85743032,6.64083422,6.64083422,22.3736346,22.3736346,29.0144688,29.0144688,29.0144688,29.0144688,29.0144688,0,0,0.280104,12.5598878,0.0604764,0
0,4.00250168,0.028029249,1.06839986,0.010373767,73.5358265,0.008421117,10.0524405,0.243776997,1323.42966,0.028678228,817.923009,0.035616927,2024.68779,17.4873302,4852.12281,17.4873301,17.4873301,-6.33229562,1.12072,-0.151689285,10.0999009,0.40908726,4.00250168,7.909917,1.4345662,13.4848284,13.4848284,17.4873302,17.4873302,5.95286301,11.5344671,10.0999009,1.4345662,10.0999009,10.0999009,7.909917,2.18998394,4.00250168,4.00250168,13.4848284,13.4848284,17.4873301,17.4873301,17.4873301,17.4873302,17.4873302,0,0,0.280104,7.5693366,0.0604764,0
0,4.13396134,0.028949852,1.10349078,0.010721539,75.9510646,0.00869949,10.3829927,0.252439097,1366.73228,0.029628245,844.787178,0.036786743,2091.18739,18.0616905,5011.48775,18.0616905,18.0616905,-6.54048791,1.15754077,-0.159416892,10.4318129,0.422525563,4.13396134,8.15898299,1.48170246,13.9277292,13.9277292,18.0616905,18.0616905,6.14817512,11.9135154,10.4318129,1.48170246,10.4318129,10.4318129,8.15898299,2.27282992,4.13396134,4.13396134,13.9277292,13.9277292,18.0616905,18.0616905,18.0616905,18.0616905,18.0616905,0,0,0.280104,7.81840259,0.0604764,0
0,4.18576999,0.029312664,1.11732022,0.010858723,76.9029173,0.008810451,10.5156432,0.255717464,1382.78297,0.03005268,855.374429,0.037247771,2117.39509,18.2880477,5074.29395,18.2880477,18.2880477,-6.62384373,1.17212241,-0.162526268,10.5637737,0.427834523,4.18576999,8.25995056,1.50039507,14.1022777,14.1022777,18.2880477,18.2880477,6.22387895,12.0641688,10.5637737,1.50039507,10.5637737,10.5637737,8.25995056,2.30382315,4.18576999,4.18576999,14.1022777,14.1022777,18.2880477,18.2880477,18.2880477,18.2880477,18.2880477,0,0,0.280104,7.91937016,0.0604764,0
0,4.18433179,0.029302593,1.11693632,0.010854914,76.876494,0.008807406,10.5120297,0.255622042,1382.30781,0.030042354,855.080528,0.037234973,2116.66757,18.281764,5072.55046,18.281764,18.281764,-6.62156788,1.17171969,-0.162441471,10.5601442,0.427687523,4.18433179,8.25722997,1.49987956,14.0974322,14.0974322,18.281764,18.281764,6.22174025,12.0600238,10.5601442,1.49987956,10.5601442,10.5601442,8.25722997,2.30291425,4.18433179,4.18433179,14.0974322,14.0974322,18.281764,18.281764,18.281764,18.281764,18.281764,0,0,0.280104,7.91664957,0.0604764,0
0,4.14571223,0.029032143,1.10662748,0.010752648,76.1669574,0.008725649,10.4150079,0.253062002,1369.54976,0.029765077,847.188507,0.03689131,2097.13165,18.1130313,5025.73303,18.1130313,18.1130313,-6.56045335,1.16090521,-0.160165679,10.4626784,0.423740151,4.14571223,8.18416211,1.4860363,13.9673191,13.9673191,18.1130313,18.1130313,6.16431659,11.9487147,10.4626784,1.4860363,10.4626784,10.4626784,8.18416211,2.27851632,4.14571223,4.14571223,13.9673191,13.9673191,18.1130313,18.1130313,18.1130313,18.1130313,18.1130313,0,0,0.280104,7.84358171,0.0604764,0
0,4.08477973,0.028605436,1.09036258,0.010591377,75.0474772,0.008594941,10.2585653,0.249240106,1350.85601,0.029256887,834.736771,0.036349092,2066.3086,17.8468112,4951.86623,17.8468111,17.8468111,-6.46218119,1.14374288,-0.156504427,10.3072695,0.417493914,4.08477973,8.0649041,1.46403076,13.7620314,13.7620314,17.8468112,17.8468112,6.07551099,11.7713002,10.3072695,1.46403076,10.3072695,10.3072695,8.0649041,2.24236535,4.08477973,4.08477973,13.7620314,13.7620314,17.8468111,17.8468111,17.8468111,17.8468112,17.8468112,0,0,0.280104,7.7243237,0.0604764,0
0,4.01085363,0.028087737,1.07062927,0.010395848,73.6892724,0.008439074,10.0739759,0.244292864,1325.95296,0.028749796,819.629755,0.035691249,2028.91267,17.5238206,4862.24765,17.5238206,17.5238206,-6.34581597,1.12307513,-0.152191264,10.121247,0.409943919,4.01085363,7.92637172,1.43758694,13.512967,13.512967,17.5238206,17.5238206,5.96498662,11.558834,10.121247,1.43758694,10.121247,10.121247,7.92637172,2.1948753,4.01085363,4.01085363,13.512967,13.512967,17.5238206,17.5238206,17.5238206,17.5238206,17.5238206,0,0,0.280104,7.58579132,0.0604764,0
0,3.9300158,0.027521635,1.04905098,0.010182205,72.2040821,0.008268047,9.87091441,0.238975273,1299.23819,0.028169883,803.110306,0.0349719,1988.02041,17.170632,4764.25017,17.170632,17.170632,-6.21790528,1.10043915,-0.14746048,9.91724482,0.401681473,3.9300158,7.77345553,1.40861162,13.2406162,13.2406162,17.170632,17.170632,5.84477558,11.3258564,9.91724482,1.40861162,9.91724482,9.91724482,7.77345553,2.1437893,3.9300158,3.9300158,13.2406162,13.2406162,17.170632,17.170632,17.170632,17.170632,17.170632,0,0,0.280104,7.43287513,0.0604764,0
0,3.84702417,0.02694045,1.02689778,0.009963049,70.6793212,0.008092509,9.66245579,0.233533618,1271.80632,0.027574781,786.150722,0.034233385,1946.03863,16.8080333,4663.6417,16.8080333,16.8080333,-6.08659344,1.07720044,-0.142619001,9.70781335,0.393198955,3.84702417,7.61647987,1.37886491,12.9610091,12.9610091,16.8080333,16.8080333,5.72135504,11.0866783,9.70781335,1.37886491,9.70781335,9.70781335,7.61647987,2.09133348,3.84702417,3.84702417,12.9610091,12.9610091,16.8080333,16.8080333,16.8080333,16.8080333,16.8080333,0,0,0.280104,7.27589947,0.0604764,0
0,3.76392138,0.026358487,1.0047149,0.009743783,69.152518,0.00791678,9.45372345,0.228102896,1244.33533,0.026978999,769.168422,0.033493881,1904.00062,16.4449489,4562.89847,16.4449489,16.4449489,-5.9551088,1.05393077,-0.137787267,9.49810406,0.384705105,3.76392138,7.45930052,1.34907862,12.6810275,12.6810275,16.4449489,16.4449489,5.59776622,10.8471827,9.49810406,1.34907862,9.49810406,9.49810406,7.45930052,2.03880354,3.76392138,3.76392138,12.6810275,12.6810275,16.4449489,16.4449489,16.4449489,16.4449489,16.4449489,0,0,0.280104,7.11872012,0.0604764,0
0,3.68272484,0.025789873,0.983040859,0.009529723,67.6607373,0.007745124,9.24978498,0.222814229,1217.49198,0.026397006,752.57567,0.03277134,1862.92689,16.0901931,4464.46614,16.0901931,16.0901931,-5.82664343,1.03119504,-0.133082904,9.29320802,0.376406123,3.68272484,7.30573357,1.31997588,12.4074683,12.4074683,16.0901931,16.0901931,5.4770092,10.6131839,9.29320802,1.31997588,9.29320802,9.29320802,7.30573357,1.98747446,3.68272484,3.68272484,12.4074683,12.4074683,16.0901931,16.0901931,16.0901931,16.0901931,16.0901931,0,0,0.280104,6.96515317,0.0604764,0
0,3.60460287,0.02524279,0.962187526,0.009323932,66.2254441,0.007580006,9.05357242,0.217742159,1191.66353,0.025837127,736.611215,0.032076159,1823.40846,15.7488704,4369.76102,15.7488704,15.7488704,-5.70304449,1.00932032,-0.12857289,9.09607228,0.368421407,3.60460287,7.15798581,1.2919753,12.1442675,12.1442675,15.7488704,15.7488704,5.36082281,10.3880476,9.09607228,1.2919753,9.09607228,9.09607228,7.15798581,1.93808647,3.60460287,3.60460287,12.1442675,12.1442675,15.7488704,15.7488704,15.7488704,15.7488704,15.7488704,0,0,0.280104,6.81740541,0.0604764,0
0,3.5297933,0.024718904,0.942218381,0.009127018,64.8510078,0.007421923,8.86568031,0.212900228,1166.9298,0.025301007,721.323659,0.031410453,1785.56562,15.4220199,4279.07143,15.4220199,15.4220199,-5.58468673,0.988373131,-0.124269742,8.90729565,0.360775252,3.5297933,7.01650377,1.26516201,11.8922266,11.8922266,15.4220199,15.4220199,5.24956225,10.1724577,8.90729565,1.26516201,8.90729565,8.90729565,7.01650377,1.89079188,3.5297933,3.5297933,11.8922266,11.8922266,15.4220199,15.4220199,15.4220199,15.4220199,15.4220199,0,0,0.280104,6.67592337,0.0604764,0
0,3.45873518,0.024221289,0.923250623,0.008940115,63.5454949,0.007271799,8.68721193,0.208314658,1143.43571,0.024791805,706.802723,0.030778131,1749.62048,15.1115599,4192.92963,15.1115599,15.1115599,-5.47226507,0.968476419,-0.120197296,8.72798629,0.353512535,3.45873518,6.88211843,1.23969339,11.6528247,11.6528247,15.1115599,15.1115599,5.14388019,9.96767968,8.72798629,1.23969339,8.72798629,8.72798629,6.88211843,1.84586786,3.45873518,3.45873518,11.6528247,11.6528247,15.1115599,15.1115599,15.1115599,15.1115599,15.1115599,0,0,0.280104,6.54153803,0.0604764,0
0,3.39132762,0.023749238,0.905257319,0.008762936,62.3070518,0.007129415,8.5179123,0.203976896,1121.1486,0.024308764,693.02779,0.030178293,1715.52199,14.8170495,4111.21329,14.8170495,14.8170495,-5.36561903,0.949601887,-0.116348142,8.55788885,0.346622935,3.39132762,6.75463711,1.21553321,11.4257219,11.4257219,14.8170495,14.8170495,5.04362744,9.77342206,8.55788885,1.21553321,8.55788885,8.55788885,6.75463711,1.80325174,3.39132762,3.39132762,11.4257219,11.4257219,14.8170495,14.8170495,14.8170495,14.8170495,14.8170495,0,0,0.280104,6.41405671,0.0604764,0
0,5.14258772,0.036013194,1.37272646,0.013405203,94.4820186,0.010836979,12.9158114,0.320717585,1700.39982,0.03684703,1050.90295,0.045762173,2601.40667,22.4684801,6234.21779,22.46848,22.46848,-8.13600801,1.43994965,-0.219592371,12.9767907,0.52561305,5.14258772,10.0659923,1.84319286,17.3258923,17.3258923,22.4684801,22.4684801,7.64849654,14.8199836,12.9767907,1.84319286,12.9767907,12.9767907,10.0659923,2.91079839,5.14258772,5.14258772,17.3258923,17.3258923,22.46848,22.46848,22.46848,22.4684801,22.4684801,0,0,0.280104,9.7254119,0.0604764,0
0,5.31560663,0.037224834,1.41891092,0.013868313,97.6608027,0.011204527,13.3508343,0.332689779,1757.40442,0.038096773,1086.25987,0.04730181,2688.92925,23.2244169,6443.96386,23.2244169,23.2244169,-8.41000155,1.48840997,-0.230062714,13.4136182,0.54329954,5.31560663,10.3937628,1.90522921,17.9088103,17.9088103,23.2244169,23.2244169,7.90556954,15.3188474,13.4136182,1.90522921,13.4136182,13.4136182,10.3937628,3.01985534,5.31560663,5.31560663,17.9088103,17.9088103,23.2244169,23.2244169,23.2244169,23.2244169,23.2244169,0,0,0.280104,10.0531824,0.0604764,0
0,5.38400632,0.037703832,1.43716906,0.014051618,98.9174736,0.011351395,13.5257466,0.337255102,1778.68804,0.038652543,1100.23755,0.047910476,2723.52962,23.5232621,6526.88293,23.523262,23.523262,-8.51993135,1.50765474,-0.234281434,13.5877321,0.550307445,5.38400632,10.5268067,1.92989726,18.1392557,18.1392557,23.5232621,23.5232621,8.00563275,15.5176294,13.5877321,1.92989726,13.5877321,13.5877321,10.5268067,3.06092541,5.38400632,5.38400632,18.1392557,18.1392557,23.523262,23.523262,23.523262,23.5232621,23.5232621,0,0,0.280104,10.1862263,0.0604764,0
0,5.38193262,0.03768931,1.43661552,0.014046059,98.8793747,0.01134699,13.5205365,0.337110389,1778.00291,0.038637656,1099.81379,0.047892023,2722.48062,23.5142018,6524.36904,23.5142018,23.5142018,-8.51664993,1.50707406,-0.23415572,13.5824989,0.55009549,5.38193262,10.522884,1.92915397,18.1322692,18.1322692,23.5142018,23.5142018,8.00254899,15.5116528,13.5824989,1.92915397,13.5824989,13.5824989,10.522884,3.05961487,5.38193262,5.38193262,18.1322692,18.1322692,23.5142018,23.5142018,23.5142018,23.5142018,23.5142018,0,0,0.280104,10.1823036,0.0604764,0
0,5.33212769,0.03734053,1.42332094,0.013912576,97.9643353,0.011241204,13.3954157,0.333638828,1761.54916,0.038280099,1089.636,0.047448826,2697.28652,23.2965991,6463.99189,23.2965991,23.2965991,-8.43783558,1.49312743,-0.231137382,13.4568048,0.545004849,5.33212769,10.4286551,1.91130135,17.9644714,17.9644714,23.2965991,23.2965991,7.92849301,15.3681061,13.4568048,1.91130135,13.4568048,13.4568048,10.4286551,3.02814962,5.33212769,5.33212769,17.9644714,17.9644714,23.2965991,23.2965991,23.2965991,23.2965991,23.2965991,0,0,0.280104,10.0880747,0.0604764,0
0,5.25377498,0.036791831,1.40240602,0.013702718,96.5248028,0.011072652,13.1943927,0.328464661,1737.44894,0.037629683,1073.62439,0.046751591,2657.65137,22.9542684,6369.00705,22.9542683,22.9542683,-8.31154791,1.4710628,-0.226293761,13.2570358,0.536973641,5.25377498,10.2754738,1.88301166,17.7004933,17.7004933,22.9542684,22.9542684,7.81422087,15.1400475,13.2570358,1.88301166,13.2570358,13.2570358,10.2754738,2.98156207,5.25377498,5.25377498,17.7004933,17.7004933,22.9542683,22.9542683,22.9542683,22.9542684,22.9542684,0,0,0.280104,9.93489337,0.0604764,0
0,5.15874133,0.036126317,1.3770384,0.013448406,94.7788003,0.010871635,12.9571012,0.321787929,1705.4345,0.036977857,1054.20399,0.045905918,2609.57807,22.5390567,6253.80037,22.5390567,22.5390567,-8.16195913,1.44449402,-0.220584647,13.017901,0.527267967,5.15874133,10.0973902,1.84901766,17.3803154,17.3803154,22.5390567,22.5390567,7.67213805,14.8669187,13.017901,1.84901766,13.017901,13.017901,10.0973902,2.92051088,5.15874133,5.15874133,17.3803154,17.3803154,22.5390567,22.5390567,22.5390567,22.5390567,22.5390567,0,0,0.280104,9.75680975,0.0604764,0
0,5.05490662,0.035399169,1.34932148,0.013170822,92.8711006,0.010651258,12.6962727,0.314624663,1671.11976,0.036232974,1032.98506,0.044981928,2557.0527,22.0853925,6127.92441,22.0853925,22.0853925,-7.99766032,1.41541853,-0.214320992,12.755864,0.516655008,5.05490662,9.90097237,1.81179941,17.0304859,17.0304859,22.0853925,22.0853925,7.51772906,14.5676635,12.755864,1.81179941,12.755864,12.755864,9.90097237,2.85489168,5.05490662,5.05490662,17.0304859,17.0304859,22.0853925,22.0853925,22.0853925,22.0853925,22.0853925,0,0,0.280104,9.56039197,0.0604764,0
0,4.94791191,0.034649893,1.32076106,0.012885095,90.9053439,0.010424248,12.4275219,0.307275413,1635.75443,0.035465732,1011.12038,0.044029818,2502.92883,21.6179219,5998.21766,21.6179219,21.6179219,-7.82836949,1.38545862,-0.207880408,12.4858597,0.505719146,4.94791191,9.69859447,1.77344921,16.67001,16.67001,21.6179219,21.6179219,7.35861305,14.2593089,12.4858597,1.77344921,12.4858597,12.4858597,9.69859447,2.7872652,4.94791191,4.94791191,16.67001,16.67001,21.6179219,21.6179219,21.6179219,21.6179219,21.6179219,0,0,0.280104,9.35801407,0.0604764,0
0,4.84137487,0.033903821,1.29232281,0.012600898,88.9479957,0.010198282,12.1599307,0.299989967,1600.53612,0.034701981,989.349217,0.04308178,2449.03647,21.1524509,5869.06573,21.1524509,21.1524509,-7.6598083,1.35562716,-0.201481803,12.2170151,0.494830115,4.84137487,9.49709401,1.73526354,16.3110761,16.3110761,21.1524509,21.1524509,7.20017234,13.9522786,12.2170151,1.73526354,12.2170151,12.2170151,9.49709401,2.71992105,4.84137487,4.84137487,16.3110761,16.3110761,21.1524509,21.1524509,21.1524509,21.1524509,21.1524509,0,0,0.280104,9.15651361,0.0604764,0
0,4.73683378,0.033171727,1.26441734,0.012322323,87.0273181,0.009976616,11.8973572,0.292872512,1565.9757,0.033952633,967.985937,0.042151504,2396.15378,20.6957005,5742.33344,20.6957005,20.6957005,-7.49440754,1.32635471,-0.195217721,11.9532094,0.484145112,4.73683378,9.29937393,1.69779349,15.9588667,15.9588667,20.6957005,20.6957005,7.04469759,13.6510029,11.9532094,1.69779349,11.9532094,11.9532094,9.29937393,2.65383546,4.73683378,4.73683378,15.9588667,15.9588667,20.6957005,20.6957005,20.6957005,20.6957005,20.6957005,0,0,0.280104,8.95879353,0.0604764,0
0,4.63668069,0.032470361,1.23768317,0.012055716,85.1872588,0.009764319,11.6458122,0.286082665,1532.86284,0.03323489,947.519358,0.041260275,2345.49078,20.2581216,5620.9206,20.2581216,20.2581216,-7.33595327,1.29831116,-0.189231005,11.7004802,0.47390864,4.63668069,9.10996147,1.66189656,15.6214409,15.6214409,20.2581216,20.2581216,6.89574487,13.3623767,11.7004802,1.66189656,11.7004802,11.7004802,9.10996147,2.5905187,4.63668069,4.63668069,15.6214409,15.6214409,20.2581216,20.2581216,20.2581216,20.2581216,20.2581216,0,0,0.280104,8.76938107,0.0604764,0
0,4.54039053,0.031796048,1.21198015,0.011799646,83.4181711,0.009560266,11.4039681,0.279581645,1501.02763,0.032544807,927.842181,0.040403421,2296.78187,19.8374203,5504.19069,19.8374203,19.8374203,-7.18360999,1.27134923,-0.183489062,11.4574982,0.464066985,4.54039053,8.92785335,1.62738413,15.2970297,15.2970297,19.8374203,19.8374203,6.7525379,13.0848824,11.4574982,1.62738413,11.4574982,11.4574982,8.92785335,2.52964489,4.54039053,4.54039053,15.2970297,15.2970297,19.8374203,19.8374203,19.8374203,19.8374203,19.8374203,0,0,0.280104,8.58727295,0.0604764,0
0,4.44859644,0.03115322,1.18747728,0.011555764,81.7316873,0.009365792,11.1734187,0.2734084,1470.67798,0.031886991,909.083788,0.039586576,2250.34731,19.4363627,5392.91123,19.4363627,19.4363627,-7.03838125,1.24564629,-0.17802864,11.2258629,0.454684878,4.44859644,8.75425095,1.59448329,14.9877663,14.9877663,19.4363627,19.4363627,6.61601653,12.8203462,11.2258629,1.59448329,11.2258629,11.2258629,8.75425095,2.47161194,4.44859644,4.44859644,14.9877663,14.9877663,19.4363627,19.4363627,19.4363627,19.4363627,19.4363627,0,0,0.280104,8.41367055,0.0604764,0
0,4.36210946,0.030547558,1.16439105,0.011326189,80.1427082,0.009182609,10.9562012,0.267613516,1442.08187,0.031267262,891.409919,0.038816957,2206.59739,19.0584924,5288.06544,19.0584924,19.0584924,-6.90155043,1.22142945,-0.17289653,11.0076209,0.445845215,4.36210946,8.59068859,1.56348475,14.696383,14.696383,19.0584924,19.0584924,6.48738677,12.5711057,11.0076209,1.56348475,11.0076209,11.0076209,8.59068859,2.41693233,4.36210946,4.36210946,14.696383,14.696383,19.0584924,19.0584924,19.0584924,19.0584924,19.0584924,0,0,0.280104,8.25010819,0.0604764,0
0,29.9311759,0.209606001,7.98961914,0.089493613,549.909515,0.065343361,75.1733261,3.42033955,9896.76187,0.214459141,6116.52397,0.26634755,15140.8522,130.772301,36284.7421,130.772301,130.772301,-47.3536476,8.38087526,-1.78398749,75.528241,3.0592024,29.9311759,56.9449652,10.7278539,100.841125,100.841125,130.772301,130.772301,44.5162062,86.2560949,75.528241,10.7278539,75.528241,75.528241,56.9449652,18.5832758,29.9311759,29.9311759,100.841125,100.841125,130.772301,130.772301,130.772301,130.772301,130.772301,0,0,0.280104,56.6043848,0.0604764,0
0,33.2476262,0.232830879,8.87488923,0.101468695,610.840886,0.072940354,83.5080915,3.84705444,10991.058,0.238334483,6794.25036,0.295859534,16818.4971,145.262204,40305.1837,145.262204,145.262204,-52.6035007,9.30965653,-1.99527124,83.8995641,3.39819885,33.2476262,63.2232159,11.9167893,112.014577,112.014577,145.262204,145.262204,49.4458503,95.8163534,83.8995641,11.9167893,83.8995641,83.8995641,63.2232159,20.6763482,33.2476262,33.2476262,112.014577,112.014577,145.262204,145.262204,145.262204,145.262204,145.262204,0,0,0.280104,62.8826355,0.0604764,0
0,35.9481987,0.251742805,9.5957612,0.11160685,660.457062,0.079172127,90.277317,4.23254277,11889.7049,0.257403834,7346.12031,0.319891028,18184.5968,157.061275,43579.0136,157.061275,157.061275,-56.8686935,10.0654341,-2.16690129,90.707701,3.67414629,35.9481987,68.314619,12.8840693,121.113076,121.113076,157.061275,157.061275,53.4695047,103.59177,90.707701,12.8840693,90.707701,90.707701,68.314619,22.3930819,35.9481987,35.9481987,121.113076,121.113076,157.061275,157.061275,157.061275,157.061275,157.061275,0,0,0.280104,67.9740386,0.0604764,0
0,38.0191259,0.266245369,10.14856,0.119631613,698.505102,0.083994482,95.4850419,4.55377392,12571.6845,0.272378578,7769.32038,0.338319519,19232.1868,166.109363,46089.5417,166.109363,166.109363,-60.1486482,10.6454965,-2.29898533,95.9366259,3.88584662,38.0191259,72.2387392,13.626643,128.090237,128.090237,166.109363,166.109363,56.546094,109.563269,95.9366259,13.626643,95.9366259,95.9366259,72.2387392,23.6978867,38.0191259,38.0191259,128.090237,128.090237,166.109363,166.109363,166.109363,166.109363,166.109363,0,0,0.280104,71.8981588,0.0604764,0
0,38.3681928,0.26868986,10.2417375,0.121006506,704.918322,0.084813986,96.3694427,4.61011494,12683.8153,0.275041511,7840.65323,0.341425749,19408.7643,167.634471,46512.7059,167.634471,167.634471,-60.705135,10.7434652,-2.32142628,96.8211974,3.92156576,38.3681928,72.9079829,13.7521307,129.266278,129.266278,167.634471,167.634471,57.0611432,110.573328,96.8211974,13.7521307,96.8211974,96.8211974,72.9079829,23.9132145,38.3681928,38.3681928,129.266278,129.266278,167.634471,167.634471,167.634471,167.634471,167.634471,0,0,0.280104,72.5674025,0.0604764,0
0,37.8054972,0.264749341,10.0915355,0.118793395,694.580216,0.083499893,94.9554116,4.51914414,12498.0972,0.270993171,7725.66473,0.336418508,19124.1216,165.175999,45830.5655,165.175998,165.175998,-59.8144647,10.5858841,-2.2855604,95.4009067,3.86404951,37.8054972,71.8428989,13.550412,127.370501,127.370501,165.175999,165.175999,56.2246799,108.951319,95.4009067,13.550412,95.4009067,95.4009067,71.8428989,23.5580078,37.8054972,37.8054972,127.370501,127.370501,165.175998,165.175998,165.175998,165.175999,165.175999,0,0,0.280104,71.5023185,0.0604764,0
0,37.1216429,0.259960356,9.9089922,0.116126406,682.016126,0.08190624,93.237635,4.41111677,12272.0901,0.266087855,7585.91708,0.330333117,18778.19,162.18817,45001.5477,162.18817,162.18817,-58.7324119,10.3943942,-2.24199286,93.6751492,3.79415284,37.1216429,70.5493313,13.3052945,125.066527,125.066527,162.18817,162.18817,55.2077263,106.980444,93.6751492,13.3052945,93.6751492,93.6751492,70.5493313,23.1258179,37.1216429,37.1216429,125.066527,125.066527,162.18817,162.18817,162.18817,162.18817,162.18817,0,0,0.280104,70.2087509,0.0604764,0
0,36.3750805,0.25473223,9.70971005,0.113242785,668.299934,0.080170158,91.3623112,4.29626634,12025.368,0.26073232,7433.35486,0.323689707,18400.5373,158.926364,44096.5106,158.926364,158.926364,-57.5511208,10.1853441,-2.19443193,91.791129,3.71784663,36.3750805,69.137111,13.0376988,122.551284,122.551284,158.926364,158.926364,54.0975364,104.828828,91.791129,13.0376988,91.791129,91.791129,69.137111,22.6540181,36.3750805,36.3750805,122.551284,122.551284,158.926364,158.926364,158.926364,158.926364,158.926364,0,0,0.280104,68.7965306,0.0604764,0
0,35.6067654,0.249351771,9.50462138,0.110305059,654.184091,0.078387592,89.4324495,4.18127897,11771.4129,0.255222913,7276.34741,0.316852727,18011.8808,155.569519,43165.1034,155.569519,155.569519,-56.3354671,9.97020594,-2.14549081,89.8522641,3.63931764,35.6067654,67.6838649,12.7623111,119.962753,119.962753,155.569519,155.569519,52.9549436,102.614575,89.8522641,12.7623111,89.8522641,89.8522641,67.6838649,22.1683992,35.6067654,35.6067654,119.962753,119.962753,155.569519,155.569519,155.569519,155.569519,155.569519,0,0,0.280104,67.3432845,0.0604764,0
0,34.8390348,0.243975406,9.29968873,0.107399346,640.078986,0.076610494,87.504117,4.06949002,11517.625,0.249718982,7119.4594,0.310020949,17623.52,152.215227,42234.4046,152.215227,152.215227,-55.1207718,9.75523328,-2.09659162,87.9149037,3.56084872,34.8390348,66.2317966,12.4871359,117.376192,117.376192,152.215227,152.215227,51.8131873,100.40204,87.9149037,12.4871359,87.9149037,87.9149037,66.2317966,21.6831071,34.8390348,34.8390348,117.376192,117.376192,152.215227,152.215227,152.215227,152.215227,152.215227,0,0,0.280104,65.8912162,0.0604764,0
0,34.0867709,0.238707352,9.09888466,0.104580533,626.258043,0.074873161,85.614676,3.96284023,11268.9314,0.244326842,6965.73205,0.303326803,17242.9831,148.928511,41322.4558,148.928511,148.928511,-53.9305716,9.54459273,-2.04868186,86.0165944,3.48396087,34.0867709,64.8090328,12.2175066,114.84174,114.84174,148.928511,148.928511,50.6944097,98.234101,86.0165944,12.2175066,86.0165944,86.0165944,64.8090328,21.2075616,34.0867709,34.0867709,114.84174,114.84174,148.928511,148.928511,148.928511,148.928511,148.928511,0,0,0.280104,64.4684524,0.0604764,0
0,33.3652478,0.233654575,8.90628632,0.101902833,613.001884,0.073210497,83.8024922,3.86312207,11030.3807,0.239156023,6818.28668,0.29690621,16877.9966,145.776104,40447.7732,145.776104,145.776104,-52.7890336,9.34256126,-2.00273427,84.1958809,3.41021524,33.3652478,63.4444642,11.9588977,112.410856,112.410856,145.776104,145.776104,49.6213256,96.1547786,84.1958809,11.9588977,84.1958809,84.1958809,63.4444642,20.7514167,33.3652478,33.3652478,112.410856,112.410856,145.776104,145.776104,145.776104,145.776104,145.776104,0,0,0.280104,63.1038838,0.0604764,0
0,32.6727681,0.228805186,8.72144062,0.099356396,600.279325,0.071618105,82.0632519,3.76969639,10801.4333,0.234193298,6676.77641,0.290744064,16527.7019,142.750591,39608.299,142.750591,142.750591,-51.6934446,9.14866208,-1.95863923,82.4484553,3.33943808,32.6727681,62.1348209,11.7106985,110.077823,110.077823,142.750591,142.750591,48.5914374,94.1591538,82.4484553,11.7106985,82.4484553,82.4484553,62.1348209,20.3136344,32.6727681,32.6727681,110.077823,110.077823,142.750591,142.750591,142.750591,142.750591,142.750591,0,0,0.280104,61.7942405,0.0604764,0
0,32.0149017,0.224198192,8.54583436,0.09695821,588.192696,0.070108344,80.4109654,3.68293058,10583.9218,0.229479025,6542.33948,0.28488993,16194.9165,139.876307,38810.7857,139.876307,139.876307,-50.6526284,8.96445541,-1.91675172,80.788383,3.27219878,32.0149017,60.8906615,11.4749063,107.861405,107.861405,139.876307,139.876307,47.6130177,92.2632893,80.788383,11.4749063,80.788383,80.788383,60.8906615,19.8977215,32.0149017,32.0149017,107.861405,107.861405,139.876307,139.876307,139.876307,139.876307,139.876307,0,0,0.280104,60.5500811,0.0604764,0
0,31.3894759,0.219818378,8.37888756,0.094696948,576.702082,0.068675753,78.8401532,3.6021799,10377.1374,0.224997158,6414.53187,0.279324475,15878.5414,137.143759,38052.5992,137.143759,137.143759,-49.6631351,8.78933223,-1.87693252,79.2101705,3.20827516,31.3894759,59.7078504,11.2507413,105.754283,105.754283,137.143759,137.143759,46.6828473,90.4609119,79.2101705,11.2507413,79.2101705,79.2101705,59.7078504,19.5023202,31.3894759,31.3894759,105.754283,105.754283,137.143759,137.143759,137.143759,137.143759,137.143759,0,0,0.280104,59.36727,0.0604764,0
