Country,HDPE[kg/h],LDPE[kg/h],PP[kg/h],PS[kg/h],Total[kg/h],Heater_T,HDPDCOM_HD,LPDECOM_HD,PPDECOM_HD,PSDECOM_HD,HEATER_HD,RPLUG_HD,RPYRO_HD,B2,H2O,H2,CO,CO2,CH4,C2H6,C2H4,C4H10,C6H6,C7H8,C8H10,C9H18,C10H8,C10H14,C14H30,C16H34,C22H46,C,O2,C6H6O,N2,CL2,S,NRP,ASH,HDPE,PP,PS,LDPE,PUMP_WNET,PUMP_VFLOW,COMP_WNET,COMP_FEED_VFLOW,HEAT1_QCALC,COOL1_QCALC,HX1_HX_AREAC,HX1_HX_DUTY,HX2_HX_AREAC,HX2_HX_DUTY,SMR_QCALC,SMR_TOT_MASS_ABS,CH4,CO,CO2,H2,H2O,H2 production
Brazil ,10,20,8,8,46,450,2396.45547,4751.80836,1980.26732,746.788816,-354.032844,-3477.56035,800.364345,-4428.11544,0,0,0,0,3.9565731,0.78089936,3.35937933,1.21248634,2.19759752,0.670014375,0.042781019,0.078157852,0.000727926,0.001562619,0.000341823,7.94754E-06,7.12776E-07,0,0,0,0.001997882,0,0,,,,,,,0.021008797,0.169479163,1.05614977,102.360381,72.7031471,-991.008444,0.028313054,808.537369,0.026698124,1517.66951,4803.88522,17.2866635,0,0.280104,7.49213058,0.0604764,0,1.42101621
Brazil ,10,20,8,8,46,500,2396.45547,4751.80836,1980.26732,746.788816,198.690978,-3248.45014,800.364345,-4410.25218,0,0,0,0,4.32880012,0.854749122,3.67646424,1.33210698,2.64557287,0.800359257,0.050917343,0.069267643,0.000817997,0.001865002,0.000316235,7.55107E-06,7.36862E-07,0,0.00E+00,0.00E+00,0.001998028,0,0,,,,,,,0.021008797,0.169479163,1.15551037,111.990254,79.5429236,-991.008444,0.030945581,884.603057,0.026698124,1517.66951,5255.82578,18.9129606,0,0.280104,8.1952175,0.0604764,0,1.55463012
Brazil ,10,20,8,8,46,550,2396.45547,4751.80836,1980.26732,746.788816,770.455102,-3001.78882,800.364345,-4403.84209,0,0.083768011,0,0,4.53871961,0.897286743,3.85761721,1.41689032,3.16384233,0.964563131,0.061574632,0.065195804,0.000938286,0.002271185,0.000312296,7.67255E-06,8.19115E-07,0,0,0,0.001998255,0,0,,,,,,,0.021008797,0.169479163,1.21154533,117.421075,83.4002535,-991.008444,0.032480602,927.500723,0.026698124,1517.66951,5510.70017,19.8301198,0,0.280104,8.59457587,0.0604764,0,1.63010009
Brazil ,10,20,8,8,46,600,2396.45547,4751.80836,1980.26732,746.788816,1361.52398,-2757.92976,800.364345,-4401.45012,0,0.25023392,0,0,4.59406644,0.909717804,3.90855572,1.46409042,3.76810682,1.17487995,0.075777546,0.064548508,0.001103998,0.002824883,0.000324634,8.20447E-06,9.57259E-07,0,0.00E+00,1.42E-11,0.001998509,0,0,,,,,,,0.021008797,0.169479163,1.22631936,118.852951,84.4172671,-991.008444,0.032945109,938.811011,0.026698124,1517.66951,5577.89969,20.0719357,0,0.280104,8.70323836,0.0604764,0,1.65013745
Brazil ,10,20,8,8,46,650,2396.45547,4751.80836,1980.26732,746.788816,1972.12951,-2567.10193,800.364345,-4406.49158,0,3.96E-01,0,0,4.59204324,0.910232727,3.9092261,1.48257657,4.25919696,1.34825418,0.087670594,0.061772356,0.001223923,0.003304472,0.000326768,8.50431E-06,1.08761E-06,0,0,0,0.001998667,0,0,,,,,,,0.021008797,0.169479163,1.2257793,118.800609,84.3800902,-991.008444,0.032930601,938.397564,0.026698124,1517.66951,5575.44321,20.0630961,0,0.280104,8.69940596,0.0604764,0,1.64941076
Brazil ,10,20,8,8,46,700,2396.45547,4751.80836,1980.26732,746.788816,2602.46472,-2425.72503,800.364345,-4415.27016,0,0.524818294,0,0,4.55010262,0.902537722,3.87513428,1.48238471,4.66246519,1.4925002,0.097731082,0.058200656,0.001312477,0.003725008,0.00032327,8.65934E-06,1.2116E-06,0,0,0,0.001998775,0,0,,,,,,,0.021008797,0.169479163,1.21458386,117.715565,83.6094195,-991.008444,0.032629835,929.826875,0.026698124,1517.66951,5524.52088,19.8798534,0,0.280104,8.61995079,0.0604764,0,1.63434613
Brazil ,10,20,8,8,46,750,2396.45547,4751.80836,1980.26732,746.788816,3252.68224,-2329.54404,800.364345,-4426.17004,0,6.38E-01,0,0,4.48333787,0.889730964,3.81940903,1.47032262,4.99494653,1.61279278,0.106261134,0.054398254,0.001378857,0.004094522,0.000315958,8.69759E-06,1.32477E-06,0,0,0,0.001998852,0,0,,,,,,,0.021008797,0.169479163,1.19676198,115.988296,82.3825984,-991.008444,0.032070809,916.183301,0.026698124,1517.66951,5443.45826,19.5881515,0,0.280104,8.48894247,0.0604764,0,1.61017804
Brazil ,10,20,8,8,46,800,2396.45547,4751.80836,1980.26732,746.788816,3922.89597,-2274.10687,800.364345,-4438.09576,0,0.738151343,0,0,4.40224015,0.873955087,3.75114728,1.45096931,5.27127563,1.71382472,0.113540109,0.05064923,0.001429927,0.004420445,0.000305926,8.63573E-06,1.4221E-06,0,0,6.65979E-12,0.001998909,0,0,,,,,,,0.021008797,0.169479163,1.17511412,113.890219,80.8924049,-991.008444,0.031515297,899.610743,0.026698124,1517.66951,5344.99322,19.2338274,0,0.280104,8.33677957,0.0604764,0,1.58110948
Brazil ,10,20,8,8,46,850,2396.45547,4751.80836,1980.26732,746.788816,4613.1844,-2255.35624,800.364345,-4450.32317,0,0.825844082,0,0,4.31382362,0.856640381,3.67642504,1.42736843,5.50317129,1.7994345,0.119798304,0.047090264,0.001470409,0.004708933,0.000293967,8.48857E-06,1.49975E-06,0,0,0,0.001998953,0,0,,,,,,,0.021008797,0.169479163,1.15151261,111.602798,79.2677262,-991.008444,0.030881828,881.542565,0.026698124,1517.66951,5237.64202,18.8475268,0,0.280104,8.16931169,0.0604764,0,1.54935261
Brazil ,10,20,8,8,46,900,2396.45547,4751.80836,1980.26732,746.788816,5323.59498,-2269.57929,800.364345,-4462.65191,0,0.902543263,0,0,4.22317747,0.838819367,3.59963711,1.4016328,5.69849642,1.87199778,0.125168928,0.043764965,0.001502785,0.004962983,0.000280632,8.26916E-06,1.55548E-06,0,0,7.15477E-12,0.001998986,0,0,,,,,,,0.021008797,0.169479163,1.12731594,109.257694,77.6020776,-991.008444,0.030232667,863.018757,0.026698124,1517.66951,5127.58372,18.4514847,0,0.280104,7.99763668,0.0604764,0,1.51679558
Brazil ,10,20,8,8,46,950,2396.45547,4751.80836,1980.26732,746.788816,6054.1486,-2314.9207,800.364345,-4473.86445,0,0.97209714,0,0,4.13135138,0.820726983,3.52174716,1.37467728,5.86864493,1.93614364,0.129973744,0.040751145,0.00153149,0.005194131,0.000266824,8.00369E-06,1.59093E-06,0,0,0,0.001999013,0,0,,,,,,,0.021008797,0.169479163,1.10280429,106.882064,75.9147473,-991.008444,0.029575113,844.253825,0.026698124,1517.66951,5016.09279,18.0502873,0,0.280104,7.82373017,0.0604764,0,1.48381488
Brazil ,10,20,8,8,46,1000,2396.45547,4751.80836,1980.26732,746.788816,6804.84408,-2387.99562,800.364345,-4484.88411,0,1.03315719,0,0,4.04229765,0.803148524,3.44612491,1.34779909,6.01391955,1.99105235,0.134122128,0.037980228,0.001555178,0.005397473,0.000252591,7.69657E-06,1.60591E-06,0,0,0,0.001999035,0,0,,,,,,,0.021008797,0.169479163,1.07903269,104.578158,74.2783599,-991.008444,0.028937653,826.055433,0.026698124,1517.66951,4907.96794,17.6612027,0,0.280104,7.65508783,0.0604764,0,1.45183049
Brazil ,10,20,8,8,46,1050,2396.45547,4751.80836,1980.26732,746.788816,7575.66225,-2487.24022,800.364345,-4495.33842,0,1.08758105,0,0,3.95648715,0.7861891,3.37320187,1.32140972,6.13991807,2.03888431,0.137762417,0.035460154,0.001575556,0.005578407,0.000238414,7.36518E-06,1.60349E-06,0,0,6.81492E-12,0.001999052,0,0,,,,,,,0.021008797,0.169479163,1.05612683,102.358157,72.7015678,-991.008444,0.028323444,808.519805,0.026698124,1517.66951,4803.78086,17.286288,0,0.280104,7.49258919,0.0604764,0,1.42101101
Brazil ,10,20,8,8,46,1100,2396.45547,4751.80836,1980.26732,746.788816,8366.56963,-2611.10567,800.364345,-4505.24137,0,1.13621562,0,0,3.8745741,0.769984439,3.30355074,1.29585443,6.24975819,2.08068421,0.140961912,0.03317252,0.001593191,0.005739286,0.000224553,7.02109E-06,1.58654E-06,0,0,0,0.001999066,0,0,,,,,,,0.021008797,0.169479163,1.03426133,100.238987,71.1963923,-991.008444,0.027737179,791.780632,0.026698124,1517.66951,4704.32588,16.9284017,0,0.280104,7.33747378,0.0604764,0,1.39159144
Brazil ,10,20,8,8,46,1150,2396.45547,4751.80836,1980.26732,746.788816,9177.52165,-2758.70919,800.364345,-4514.42323,0,1.18024612,0,0,3.79651934,0.754532576,3.23715323,1.27125268,6.34681136,2.11778155,0.143815155,0.031105344,0.001608975,0.00588387,0.000211246,6.67515E-06,1.55834E-06,0,0,0,0.001999078,0,0,,,,,,,0.021008797,0.169479163,1.01342574,98.2196348,69.7621141,-991.008444,0.027178533,775.829911,0.026698124,1517.66951,4609.55546,16.5873726,0,0.280104,7.18966495,0.0604764,0,1.3635576
Brazil ,10,20,8,8,46,1200,2396.45547,4751.80836,1980.26732,746.788816,10008.4653,-2928.96167,800.364345,-4523.01382,0,1.22007226,0,0,3.722593,0.739889548,3.17424578,1.24774914,6.43269211,2.15066713,0.146353512,0.029233843,0.001623012,0.006013391,0.000198587,6.33354E-06,1.52148E-06,0,0,0,0.001999088,0,0,,,,,,,0.021008797,0.169479163,0.993692176,96.3070888,68.4036967,-991.008444,0.026649458,760.722846,0.026698124,1517.66951,4519.79757,16.2643811,0,0.280104,7.04967523,0.0604764,0,1.33700657
China,13,40,14,15,82,450,2396.45547,4751.80836,1980.26732,746.788816,-629.676069,-6169.31294,800.364345,-7874.3744,0,0,0,0,7.01906686,1.38533686,5.95963023,2.1509918,3.89866639,1.18865081,0.07589658,0.138657571,0.001291394,0.002772199,0.000606418,1.40995E-05,1.26451E-06,0,0,0,0.003995764,0,0,,,,,,,0.021008797,0.169479163,1.87363803,181.590062,128.977334,-991.008444,0.050228118,1434.36699,0.026698124,1517.66951,8522.22129,30.667005,0,0.280104,13.2912407,0.0604764,0,2.52092089
China,13,40,14,15,82,500,2396.45547,4751.80836,1980.26732,746.788816,353.404342,-5762.88997,800.364345,-7842.80445,0,0,0,0,7.6796148,1.51638923,6.52232334,2.36326574,4.69352243,1.41992759,0.09033328,0.122888795,0.001451224,0.003308733,0.000561037,1.33965E-05,1.30728E-06,0,0,0,0.003996056,0,0,,,,,,,0.021008797,0.169479163,2.04996172,198.679078,141.115089,-991.008444,0.054899726,1569.35191,0.026698124,1517.66951,9324.22758,33.553005,0,0.280104,14.5389254,0.0604764,0,2.75802986
China,13,40,14,15,82,550,2396.45547,4751.80836,1980.26732,746.788816,1370.44089,-5353.91362,800.364345,-7830.65355,0,0.095260556,0,0,8.09134063,1.59900852,6.87550576,2.51344547,5.50234853,1.66561063,0.106027689,0.112356952,0.001611942,0.003907653,0.000539007,1.32543E-05,1.41898E-06,0,0,0,0.003996417,0,0,,,,,,,0.021008797,0.169479163,2.15986595,209.330824,148.680667,-991.008444,0.057899124,1653.48929,0.026698124,1517.66951,9824.12574,35.3518763,0,0.280104,15.321568,0.0604764,0,2.90602656
China,13,40,14,15,82,600,2396.45547,4751.80836,1980.26732,746.788816,2421.90273,-4919.95026,800.364345,-7828.53823,0,0.385893189,0,0,8.19494306,1.62224856,6.97078137,2.60075285,6.56698726,2.03258631,0.130705869,0.111448341,0.001899428,0.00486834,0.000561442,1.42036E-05,1.66242E-06,0,0,1.03777E-11,0.003996944,0,0,,,,,,,0.021008797,0.169479163,2.18752112,212.011119,150.584391,-991.008444,0.058759084,1674.66076,0.026698124,1517.66951,9949.91494,35.8045257,0,0.280104,15.5244342,0.0604764,0,2.94351186
China,13,40,14,15,82,650,2396.45547,4751.80836,1980.26732,746.788816,3508.20125,-4579.51686,800.364345,-7837.68166,0,0.645206408,0,0,8.19172688,1.623343,6.97256811,2.63568215,7.44213212,2.33960636,0.15169756,0.106996215,0.002112559,0.005713103,0.000566932,1.47695E-05,1.89478E-06,0,0,0,0.003997277,0,0,,,,,,,0.021008797,0.169479163,2.18666261,211.927914,150.525293,-991.008444,0.058736024,1674.00352,0.026698124,1517.66951,9946.01001,35.7904739,0,0.280104,15.5183424,0.0604764,0,2.9423567
China,13,40,14,15,82,700,2396.45547,4751.80836,1980.26732,746.788816,4629.67888,-4327.25275,800.364345,-7853.45084,0,0.875118877,0,0,8.11717838,1.60973357,6.91214883,2.63668356,8.16101927,2.5953534,0.169479335,0.101033317,0.002270633,0.006454657,0.000562076,1.5071E-05,2.11521E-06,0,0,0,0.003997503,0,0,,,,,,,0.021008797,0.169479163,2.16676297,209.999272,149.155443,-991.008444,0.058201499,1658.76931,0.026698124,1517.66951,9855.49672,35.4647641,0,0.280104,15.3771171,0.0604764,0,2.91557984
China,13,40,14,15,82,750,2396.45547,4751.80836,1980.26732,746.788816,5786.60642,-4155.63454,800.364345,-7872.87342,0,1.07783954,0,0,7.99804375,1.58692766,6.81283386,2.61610286,8.75439251,2.8090714,0.184589483,0.094593304,0.002389862,0.007107409,0.000550244,1.51614E-05,2.31616E-06,0,0,0,0.003997664,0,0,,,,,,,0.021008797,0.169479163,2.13496171,206.917143,146.966311,-991.008444,0.057212726,1634.4238,0.026698124,1517.66951,9710.84905,34.9442529,0,0.280104,15.1438391,0.0604764,0,2.87247478
China,13,40,14,15,82,800,2396.45547,4751.80836,1980.26732,746.788816,6979.18589,-4056.84726,800.364345,-7893.92037,0,1.25640493,0,0,7.85290273,1.55872846,6.69075634,2.58219716,9.24860745,2.98916535,0.1975283,0.088201339,0.0024824,0.007684809,0.00053347,1.50724E-05,2.48903E-06,0,0,0,0.003997783,0,0,,,,,,,0.021008797,0.169479163,2.09621842,203.162204,144.299303,-991.008444,0.056218298,1604.76381,0.026698124,1517.66951,9534.62564,34.3101173,0,0.280104,14.8714997,0.0604764,0,2.8204501
China,13,40,14,15,82,850,2396.45547,4751.80836,1980.26732,746.788816,8207.55658,-4023.44429,800.364345,-7915.68838,0,1.41296804,0,0,7.69509726,1.52785091,6.55745905,2.54062114,9.66255744,3.14142721,0.208626238,0.082082742,0.002555518,0.008194698,0.000513042,1.48272E-05,2.62661E-06,0,0,1.16552E-11,0.003997873,0,0,,,,,,,0.021008797,0.169479163,2.05409454,199.079624,141.399583,-991.008444,0.055087706,1572.51579,0.026698124,1517.66951,9343.02565,33.6206494,0,0.280104,14.5726048,0.0604764,0,2.76377061
China,13,40,14,15,82,900,2396.45547,4751.80836,1980.26732,746.788816,9471.80263,-4049.42489,800.364345,-7937.09834,0,1.55124799,0,0,7.53224099,1.49585712,6.41956224,2.4949003,10.0137646,3.27182174,0.218252951,0.076376792,0.002615439,0.008647859,0.000490269,1.44576E-05,2.72618E-06,0,0,0,0.003997943,0,0,,,,,,,0.021008797,0.169479163,2.01062242,194.866374,138.407054,-991.008444,0.05392135,1539.23564,0.026698124,1517.66951,9145.29322,32.9091141,0,0.280104,14.2641672,0.0604764,0,2.705278
China,13,40,14,15,82,950,2396.45547,4751.80836,1980.26732,746.788816,10771.9611,-4129.53533,800.364345,-7957.86097,0,1.67346301,0,0,7.3699447,1.46389053,6.28192419,2.44748402,10.3137037,3.3839851,0.226623623,0.071113796,0.002665329,0.009050084,0.000466078,1.39912E-05,2.7877E-06,0,0,1.27345E-11,0.003997999,0,0,,,,,,,0.021008797,0.169479163,1.96729978,190.667612,135.424813,-991.008444,0.052759331,1506.06991,0.026698124,1517.66951,8948.24069,32.2000254,0,0.280104,13.9568087,0.0604764,0,2.64698728
China,13,40,14,15,82,1000,2396.45547,4751.80836,1980.26732,746.788816,12108.03,-4259.91501,800.364345,-7977.50002,0,1.78245295,0,0,7.21104061,1.43253756,6.14702138,2.39981911,10.5729189,3.4816251,0.233977397,0.066309439,0.002708141,0.009409198,0.000441368,1.34583E-05,2.8144E-06,0,0,0,0.003998043,0,0,,,,,,,0.021008797,0.169479163,1.92488264,186.556609,132.504906,-991.008444,0.051621775,1473.59739,0.026698124,1517.66951,8755.3068,31.5057575,0,0.280104,13.6558842,0.0604764,0,2.58991531
China,13,40,14,15,82,1050,2396.45547,4751.80836,1980.26732,746.788816,13479.9751,-4437.04429,800.364345,-7996.09307,0,1.87969064,0,0,7.05785361,1.40227338,6.01687037,2.35296353,10.797883,3.56676757,0.240437041,0.061934983,0.002745045,0.009728982,0.000416714,1.2882E-05,2.81043E-06,0,0,0,0.003998079,0,0,,,,,,,0.021008797,0.169479163,1.88399159,182.593513,129.690052,-991.008444,0.050525298,1442.29318,0.026698124,1517.66951,8569.31434,30.8364682,0,0.280104,13.365795,0.0604764,0,2.53489705
China,13,40,14,15,82,1100,2396.45547,4751.80836,1980.26732,746.788816,14887.7372,-4658.33745,800.364345,-8013.568,0,1.96690763,0,0,6.9113828,1.37330796,5.89235273,2.30750419,10.9945886,3.64150208,0.246140603,0.057964871,0.002777306,0.010014421,0.000392614,1.22836E-05,2.78112E-06,0,0,0,0.003998108,0,0,,,,,,,0.021008797,0.169479163,1.84489333,178.804171,126.998609,-991.008444,0.049476967,1412.36144,0.026698124,1517.66951,8391.47637,30.1965226,0,0.280104,13.0884283,0.0604764,0,2.48229113
China,13,40,14,15,82,1150,2396.45547,4751.80836,1980.26732,746.788816,16331.2371,-4921.66174,800.364345,-8029.96426,0,2.0454244,0,0,6.77217405,1.34575773,5.77395457,2.26380303,11.1675544,3.70738467,0.25119183,0.054365779,0.002805715,0.010269451,0.000369401,1.16796E-05,2.73168E-06,0,0,0,0.003998133,0,0,,,,,,,0.021008797,0.169479163,1.80773358,175.202706,124.440609,-991.008444,0.048480659,1383.91372,0.026698124,1517.66951,8222.45564,29.5883056,0,0.280104,12.8248162,0.0604764,0,2.43229353
China,13,40,14,15,82,1200,2396.45547,4751.80836,1980.26732,746.788816,17810.381,-5224.80646,800.364345,-8045.60284,0,2.11577218,0,0,6.64083422,1.3197473,5.66220374,2.22215505,11.3193041,3.76508912,0.255630106,0.051094553,0.00283029,0.010495519,0.000347233,1.10806E-05,2.66657E-06,0,0,0,0.003998153,0,0,,,,,,,0.021008797,0.169479163,1.77267432,171.804817,122.027203,-991.008444,0.047540718,1357.07404,0.026698124,1517.66951,8062.98899,29.0144688,0,0.280104,12.5761078,0.0604764,0,2.38512222
Saudi Arabia ,6,20,10,6,42,450,2396.45547,4751.80836,1980.26732,746.788816,-325.468414,-3221.5576,800.364345,-4072.92847,0,8.43082E-05,0,0,3.66527122,0.723407084,3.11204907,1.12324204,2.03600194,0.620764192,0.03963681,0.072413495,0.000674432,0.001447779,0.000316699,7.36337E-06,6.60379E-07,0,0,0,0.001997882,0,0,,,,,,,0.021008797,0.169479163,0.978390959,94.8241187,67.3503929,-991.008444,0.026228511,749.008971,0.026698124,1517.66951,4450.20016,16.0139365,0,0.280104,6.94052401,0.0604764,0,1.31639418
Saudi Arabia ,6,20,10,6,42,500,2396.45547,4751.80836,1980.26732,746.788816,182.634457,-3002.88191,800.364345,-4056.84364,0,0.011109139,0,0,4.00250168,0.790464208,3.39971601,1.23454735,2.47285639,0.750415125,0.047798313,0.065006516,0.000768613,0.0017514,0.000296617,7.08019E-06,6.9017E-07,0,0,1.05314E-11,0.001998052,0,0,,,,,,,0.021008797,0.169479163,1.06840974,103.548598,73.5470977,-991.008444,0.028614642,817.923009,0.026698124,1517.66951,4859.64954,17.4873301,0,0.280104,7.5775701,0.0604764,0,1.4374484
Saudi Arabia ,6,20,10,6,42,550,2396.45547,4751.80836,1980.26732,746.788816,708.098641,-2734.12253,800.364345,-4047.70565,0,0.172977912,0,0,4.13396134,0.818235521,3.5161201,1.3105084,3.1214528,0.975366778,0.062890871,0.066402809,0.000966222,0.002326677,0.000316498,7.75198E-06,8.19713E-07,0,0,0,0.0019984,0,0,,,,,,,0.021008797,0.169479163,1.10350098,106.949586,75.9627061,-991.008444,0.029590706,844.787178,0.026698124,1517.66951,5019.26169,18.0616905,0,0.280104,7.8284983,0.0604764,0,1.48474507
Saudi Arabia ,6,20,10,6,42,600,2396.45547,4751.80836,1980.26732,746.788816,1251.16912,-2512.37766,800.364345,-4046.20183,0,0.322427068,0,0,4.18576999,0.829585316,3.56305147,1.3494031,3.66866811,1.16960595,0.076142387,0.064667578,0.001118088,0.002846352,0.00032365,8.15497E-06,9.42576E-07,0,0,0,0.001998609,0,0,,,,,,,0.021008797,0.169479163,1.11733055,108.289926,76.9147046,-991.008444,0.030014644,855.374429,0.026698124,1517.66951,5082.16531,18.2880477,0,0.280104,7.92960088,0.0604764,0,1.50347616
Saudi Arabia ,6,20,10,6,42,650,2396.45547,4751.80836,1980.26732,746.788816,1812.06074,-2338.55599,800.364345,-4050.97578,0,0.454350729,0,0,4.18433179,0.829997185,3.56364757,1.36373722,4.11561543,1.32999708,0.087246221,0.061285545,0.001227233,0.003296959,0.000322635,8.37166E-06,1.06071E-06,0,0,0,0.001998745,0,0,,,,,,,0.021008797,0.169479163,1.11694664,108.252719,76.8882773,-991.008444,0.030004331,855.080528,0.026698124,1517.66951,5080.41912,18.281764,0,0.280104,7.92687678,0.0604764,0,1.5029596
Saudi Arabia ,6,20,10,6,42,700,2396.45547,4751.80836,1980.26732,746.788816,2390.95231,-2209.75606,800.364345,-4058.78847,0,0.572293524,0,0,4.14571223,0.822819949,3.53201651,1.36172986,4.48420398,1.46388828,0.096669573,0.057390434,0.00130768,0.003693569,0.000317277,8.4737E-06,1.17476E-06,0,0,6.53018E-12,0.001998839,0,0,,,,,,,0.021008797,0.169479163,1.10663771,107.253593,76.178632,-991.008444,0.029727405,847.188507,0.026698124,1517.66951,5033.52906,18.1130313,0,0.280104,7.85371453,0.0604764,0,1.48908791
Saudi Arabia ,6,20,10,6,42,750,2396.45547,4751.80836,1980.26732,746.788816,2987.98524,-2122.13579,800.364345,-4068.66885,0,0.675826379,0,0,4.08477973,0.811069406,3.4809964,1.34943183,4.78743776,1.5750388,0.104620132,0.053395038,0.001366997,0.004040756,0.000308758,8.47506E-06,1.27941E-06,0,0,0,0.001998908,0,0,,,,,,,0.021008797,0.169479163,1.09037267,105.67721,75.0589801,-991.008444,0.029219982,834.736771,0.026698124,1517.66951,4959.54768,17.8468111,0,0.280104,7.73430639,0.0604764,0,1.46703746
Saudi Arabia ,6,20,10,6,42,800,2396.45547,4751.80836,1980.26732,746.788816,3603.26502,-2071.62627,800.364345,-4079.51264,0,0.766700425,0,0,4.01085363,0.79664254,3.41865139,1.33081517,5.03932545,1.66821765,0.111391675,0.049544329,0.001412158,0.004346701,0.000298029,8.38974E-06,1.36983E-06,0,0,0,0.001998959,0,0,,,,,,,0.021008797,0.169479163,1.07063917,103.764671,73.7005672,-991.008444,0.028713389,819.629755,0.026698124,1517.66951,4869.79009,17.5238206,0,0.280104,7.59558792,0.0604764,0,1.44053901
Saudi Arabia ,6,20,10,6,42,850,2396.45547,4751.80836,1980.26732,746.788816,4236.86439,-2054.64036,800.364345,-4090.51124,0,0.846904384,0,0,3.9300158,0.780777303,3.35024402,1.30849007,5.25129234,1.74742578,0.11723444,0.045951931,0.001448065,0.004618551,0.000285795,8.23101E-06,1.44245E-06,0,0,0,0.001998998,0,0,,,,,,,0.021008797,0.169479163,1.04906068,101.673318,72.2151492,-991.008444,0.028134205,803.110306,0.026698124,1517.66951,4771.64059,17.170632,0,0.280104,7.44247396,0.0604764,0,1.41150418
Saudi Arabia ,6,20,10,6,42,900,2396.45547,4751.80836,1980.26732,746.788816,4888.82729,-2067.80972,800.364345,-4101.53079,0,0.917258984,0,0,3.84702417,0.764434613,3.27987148,1.28434695,5.43030699,1.81476757,0.12226527,0.042633885,0.001476883,0.004858786,0.000272469,8.00866E-06,1.49486E-06,0,0,0,0.001999028,0,0,,,,,,,0.021008797,0.169479163,1.02690727,99.5262437,70.6901546,-991.008444,0.027539854,786.150722,0.026698124,1517.66951,4670.87605,16.8080333,0,0.280104,7.28529544,0.0604764,0,1.38169637
Saudi Arabia ,6,20,10,6,42,950,2396.45547,4751.80836,1980.26732,746.788816,5559.17309,-2108.82363,800.364345,-4112.01865,0,0.979912016,0,0,3.76392138,0.748036275,3.2093169,1.2594047,5.58411386,1.87316241,0.126677797,0.039616672,0.001501326,0.005073744,0.000258643,7.74029E-06,1.52748E-06,0,0,0,0.001999052,0,0,,,,,,,0.021008797,0.169479163,1.00472419,97.376294,69.1631174,-991.008444,0.026944826,769.168422,0.026698124,1517.66951,4569.97655,16.4449489,0,0.280104,7.12791304,0.0604764,0,1.35184892
Saudi Arabia ,6,20,10,6,42,1000,2396.45547,4751.80836,1980.26732,746.788816,6247.90068,-2175.42791,800.364345,-4122.01705,0,1.03560266,0,0,3.68272484,0.731990378,3.14031915,1.23448725,5.71676479,1.92383219,0.130542025,0.036877301,0.00152215,0.005265226,0.000244638,7.43796E-06,1.54142E-06,0,0,0,0.001999072,0,0,,,,,,,0.021008797,0.169479163,0.983049949,95.2756608,67.6711081,-991.008444,0.02636357,752.57567,0.026698124,1517.66951,4471.39152,16.0901931,0,0.280104,6.97414778,0.0604764,0,1.32268641
Saudi Arabia ,6,20,10,6,42,1050,2396.45547,4751.80836,1980.26732,746.788816,6954.99231,-2265.78757,800.364345,-4131.56254,0,1.08509964,0,0,3.60460287,0.716534818,3.07388932,1.21010918,5.83161229,1.96783984,0.133922549,0.034393156,0.001539932,0.005435204,0.000230742,7.11353E-06,1.53881E-06,0,0,6.7293E-12,0.001999087,0,0,,,,,,,0.021008797,0.169479163,0.962196423,93.2545697,66.2355948,-991.008444,0.025804401,736.611215,0.026698124,1517.66951,4376.5395,15.7488704,0,0.280104,6.82620928,0.0604764,0,1.29462834
Saudi Arabia ,6,20,10,6,42,1100,2396.45547,4751.80836,1980.26732,746.788816,7680.41696,-2378.7844,800.364345,-4140.47427,0,1.12963145,0,0,3.5297933,0.7017229,3.01024589,1.1864866,5.93232291,2.00661513,0.136919402,0.032151317,0.001555655,0.005587471,0.000217242,6.77933E-06,1.52265E-06,0,0,0,0.0019991,0,0,,,,,,,0.021008797,0.169479163,0.942227094,91.3191737,64.8609479,-991.008444,0.025268962,721.323659,0.026698124,1517.66951,4285.70923,15.4220199,0,0.280104,6.68454459,0.0604764,0,1.26775999
Saudi Arabia ,6,20,10,6,42,1150,2396.45547,4751.80836,1980.26732,746.788816,8424.13333,-2513.2019,800.364345,-4148.85897,0,1.16966722,0,0,3.45873518,0.687644587,2.94977027,1.1638281,6.02082521,2.04075188,0.139569764,0.030124978,0.001569478,0.005723375,0.000204278,6.44313E-06,1.49559E-06,0,0,0,0.001999111,0,0,,,,,,,0.021008797,0.169479163,0.92325916,89.4808312,63.5552349,-991.008444,0.024760406,706.802723,0.026698124,1517.66951,4199.4338,15.1115599,0,0.280104,6.54998579,0.0604764,0,1.24223908
Saudi Arabia ,6,20,10,6,42,1200,2396.45547,4751.80836,1980.26732,746.788816,9186.09238,-2668.36712,800.364345,-4156.64218,0,1.20601889,0,0,3.39132762,0.674283109,2.89238493,1.14217647,6.09941327,2.07116188,0.141939708,0.028296553,0.001581942,0.005845651,0.000191981,6.11225E-06,1.46038E-06,0,0,7.06294E-12,0.00199912,0,0,,,,,,,0.021008797,0.169479163,0.905265691,87.7369323,62.3166019,-991.008444,0.024277978,693.02779,0.026698124,1517.66951,4117.5907,14.8170495,0,0.280104,6.42233992,0.0604764,0,1.21802929
Spain ,7,26,13,8,54,450,2396.45547,4751.80836,1980.26732,746.788816,-417.936498,-4131.11652,800.364345,-4966.07269,0,0.231268674,0.000193257,0,4.45021229,0.880218697,3.78348304,1.39953919,3.29348685,1.02965419,0.066372448,0.091179832,0.001082116,0.002439025,0.000416498,9.88009E-06,9.44582E-07,0,0,0,0.002482738,0,0,,,,,,,0.021008797,0.169479163,1.18791959,115.131305,81.7739065,-991.008444,0.031845513,909.413992,0.026698124,1517.66951,5403.23873,19.4434225,0,0.280104,8.42688122,0.0604764,0,1.59830834
Spain ,7,26,13,8,54,500,2396.45547,4751.80836,1980.26732,746.788816,234.528279,-3858.99884,800.364345,-5208.53205,0,0,0,0,5.14258772,1.01543687,4.36761729,1.58253902,3.14296331,0.950837061,0.060490544,0.082290945,0.000971793,0.002215651,0.000375691,8.97077E-06,8.75401E-07,0,0,0,0.002597436,0,0,,,,,,,0.021008797,0.169479163,1.37273916,133.043728,94.4965004,-991.008444,0.036817746,1050.90295,0.026698124,1517.66951,6243.88846,22.46848,0,0.280104,9.73895099,0.0604764,0,1.84701831
Spain ,7,26,13,8,54,550,2396.45547,4751.80836,1980.26732,746.788816,909.320201,-3516.42696,800.364345,-5197.00174,0,0.202219719,0,0,5.31560663,1.05193314,4.52067936,1.68122366,3.96453272,1.23389467,0.079429947,0.083902603,0.001218679,0.002937071,0.000400219,9.80732E-06,1.03863E-06,0,0,0,0.002597892,0,0,,,,,,,0.021008797,0.169479163,1.41892405,137.519895,97.6757717,-991.008444,0.038048472,1086.25987,0.026698124,1517.66951,6453.95989,23.2244169,0,0.280104,10.0661621,0.0604764,0,1.90914144
Spain ,7,26,13,8,54,600,2396.45547,4751.80836,1980.26732,746.788816,1606.75342,-3231.56801,800.364345,-5195.85959,0,0.392155322,0,0,5.38400632,1.06690582,4.58260966,1.73221772,4.6634931,1.48066837,0.096224841,0.081767702,0.001410893,0.003595168,0.000409594,1.03262E-05,1.19559E-06,0,0,8.0134E-12,0.00259817,0,0,,,,,,,0.021008797,0.169479163,1.43718235,139.289462,98.9326353,-991.008444,0.038603609,1100.23755,0.026698124,1517.66951,6537.00759,23.523262,0,0.280104,10.1993845,0.0604764,0,1.9338603
Spain ,7,26,13,8,54,650,2396.45547,4751.80836,1980.26732,746.788816,2327.10343,-3007.96193,800.364345,-5201.90629,0,0.562167467,0,0,5.38193262,1.06742187,4.58326591,1.75118057,5.23870564,1.68652862,0.110453666,0.077630703,0.00155149,0.00417191,0.000409039,1.06194E-05,1.3478E-06,0,0,0,0.002598351,0,0,,,,,,,0.021008797,0.169479163,1.43662881,139.235813,98.8945305,-991.008444,0.03858874,1099.81379,0.026698124,1517.66951,6534.4898,23.5142018,0,0.280104,10.1954568,0.0604764,0,1.93311549
Spain ,7,26,13,8,54,700,2396.45547,4751.80836,1980.26732,746.788816,3070.59952,-2842.30923,800.364345,-5211.89957,0,0.714056306,0,0,5.33212769,1.0581843,4.54252152,1.74896288,5.71301087,1.85842664,0.122533861,0.072786011,0.001655351,0.004679671,0.000402729,1.07617E-05,1.49444E-06,0,0,0,0.002598477,0,0,,,,,,,0.021008797,0.169479163,1.4233341,137.947311,97.9793508,-991.008444,0.038231636,1089.636,0.026698124,1517.66951,6474.01899,23.2965991,0,0.280104,10.1011062,0.0604764,0,1.91522621
Spain ,7,26,13,8,54,750,2396.45547,4751.80836,1980.26732,746.788816,3837.42302,-2729.62192,800.364345,-5224.61872,0,0.847213912,0,0,5.25377498,1.04308781,4.47695011,1.733429,6.10292022,2.0010258,0.1327182,0.067772747,0.001731935,0.005123759,0.00039221,1.07713E-05,1.62869E-06,0,0,0,0.002598568,0,0,,,,,,,0.021008797,0.169479163,1.40241898,135.920251,96.5395977,-991.008444,0.037582216,1073.62439,0.026698124,1517.66951,6378.88681,22.9542683,0,0.280104,9.94773293,0.0604764,0,1.88687883
Spain ,7,26,13,8,54,800,2396.45547,4751.80836,1980.26732,746.788816,4627.70921,-2664.65587,800.364345,-5238.59145,0,0.964046586,0,0,5.15874133,1.02455165,4.39682993,1.70970782,6.42673243,2.12055319,0.141390907,0.062920978,0.001790293,0.005514981,0.000378775,1.06681E-05,1.74455E-06,0,0,8.64204E-12,0.002598635,0,0,,,,,,,0.021008797,0.169479163,1.37705113,133.461638,94.7933275,-991.008444,0.03693103,1054.20399,0.026698124,1517.66951,6263.50142,22.5390567,0,0.280104,9.76941009,0.0604764,0,1.8528146
Spain ,7,26,13,8,54,850,2396.45547,4751.80836,1980.26732,746.788816,5441.55137,-2642.76392,800.364345,-5252.80723,0,1.06704247,0,0,5.05490662,1.0041804,4.30898099,1.68119119,6.69901885,2.22205912,0.148865993,0.058380655,0.001836625,0.005862235,0.000363339,1.04693E-05,1.83745E-06,0,0,0,0.002598687,0,0,,,,,,,0.021008797,0.169479163,1.34933396,130.775333,92.8853354,-991.008444,0.036187084,1032.98506,0.026698124,1517.66951,6137.43019,22.0853925,0,0.280104,9.57273828,0.0604764,0,1.8155199
Spain ,7,26,13,8,54,900,2396.45547,4751.80836,1980.26732,746.788816,6279.00584,-2659.82837,800.364345,-5266.85934,0,1.15784975,0,0,4.94791191,0.98311794,4.21827304,1.65021833,6.92979779,2.30881194,0.155337858,0.054192531,0.001874314,0.006170545,0.000346544,1.01905E-05,1.90474E-06,0,0,0,0.002598727,0,0,,,,,,,0.021008797,0.169479163,1.32077328,128.007277,90.9192775,-991.008444,0.035420811,1011.12038,0.026698124,1517.66951,6007.52224,21.6179219,0,0.280104,9.37009883,0.0604764,0,1.77709094
Spain ,7,26,13,8,54,950,2396.45547,4751.80836,1980.26732,746.788816,7140.09746,-2712.39384,800.364345,-5280.52878,0,1.23800264,0,0,4.84137487,0.962099204,4.1278325,1.61832666,7.1267832,2.38333357,0.160958146,0.050361031,0.001905538,0.006444042,0.000328964,9.84899E-06,1.94622E-06,0,0,0,0.002598759,0,0,,,,,,,0.021008797,0.169479163,1.29233476,125.25106,88.9616293,-991.008444,0.034658026,989.349217,0.026698124,1517.66951,5878.16997,21.1524509,0,0.280104,9.16833809,0.0604764,0,1.73882686
Spain ,7,26,13,8,54,1000,2396.45547,4751.80836,1980.26732,746.788816,8024.8248,-2798.12655,800.364345,-5293.33829,0,1.30976748,0,0,4.73683378,0.941444499,4.03900909,1.58634648,7.29759348,2.44850432,0.16592035,0.046892179,0.001932667,0.006689355,0.000311218,9.46604E-06,1.96416E-06,0,0,0,0.002598785,0,0,,,,,,,0.021008797,0.169479163,1.26442903,122.546481,87.0406573,-991.008444,0.033909627,967.985937,0.026698124,1517.66951,5751.24109,20.6957005,0,0.280104,8.97036267,0.0604764,0,1.70127986
Spain ,7,26,13,8,54,1050,2396.45547,4751.80836,1980.26732,746.788816,8933.16509,-2914.0826,800.364345,-5305.7972,0,1.37301393,0,0,4.63668069,0.921632644,3.95385142,1.55514597,7.44448942,2.50455982,0.170217575,0.043732947,0.001955273,0.006905244,0.000293519,9.0524E-06,1.96059E-06,0,0,0,0.002598805,0,0,,,,,,,0.021008797,0.169479163,1.23769462,119.955423,85.200316,-991.008444,0.033192794,947.519358,0.026698124,1517.66951,5629.63991,20.2581216,0,0.280104,8.78070569,0.0604764,0,1.66530922
Spain ,7,26,13,8,54,1100,2396.45547,4751.80836,1980.26732,746.788816,9865.07858,-3059.45195,800.364345,-5317.22925,0,1.4303777,0,0,4.54039053,0.90257089,3.87194194,1.52481365,7.57412321,2.5544092,0.174063874,0.040890091,0.001975728,0.007100203,0.000276382,8.628E-06,1.94006E-06,0,0,0,0.002598822,0,0,,,,,,,0.021008797,0.169479163,1.21199136,117.464303,83.4309571,-991.008444,0.032503586,927.842181,0.026698124,1517.66951,5512.72892,19.8374203,0,0.280104,8.59836247,0.0604764,0,1.63072592
Spain ,7,26,13,8,54,1150,2396.45547,4751.80836,1980.26732,746.788816,10820.5123,-3232.7276,800.364345,-5327.79388,0,1.48239003,0,0,4.44859644,0.884388193,3.79382862,1.49563242,7.6888401,2.59875247,0.177502507,0.038326758,0.00199417,0.007275804,0.000259965,8.20228E-06,1.90591E-06,0,0,0,0.002598837,0,0,,,,,,,0.021008797,0.169479163,1.18748826,115.089501,81.7442148,-991.008444,0.031846605,909.083788,0.026698124,1517.66951,5401.27685,19.4363627,0,0.280104,8.42453597,0.0604764,0,1.59775752
Spain ,7,26,13,8,54,1200,2396.45547,4751.80836,1980.26732,746.788816,11799.4034,-3432.07807,800.364345,-5337.93066,0,1.5288668,0,0,4.36210946,0.867246259,3.72020437,1.46788578,7.78935422,2.63748665,0.180515044,0.035999793,0.002010005,0.007431105,0.000244299,7.78044E-06,1.86082E-06,0,0,0,0.002598849,0,0,,,,,,,0.021008797,0.169479163,1.16440181,112.851999,80.1549921,-991.008444,0.031227664,891.409919,0.026698124,1517.66951,5296.26842,19.0584924,0,0.280104,8.26076251,0.0604764,0,1.56669534
USA ,86,170,66,66,388,450,2396.45547,4751.80836,1980.26732,746.788816,-2988.84579,-22883.0957,800.364345,-37558.6279,0,11.4403054,0,0,26.0942171,5.19801225,22.2803286,9.03541102,29.8463152,13.1935567,1.03353756,1.89416847,0.020439359,0.041256191,0.008204462,0.000185693,1.52909E-05,0,0,0,0.016992668,0,0,,,,,,,0.021008797,0.169479163,6.96547255,675.082686,479.488602,-991.008444,0.186729011,5332.43014,0.026698124,1517.66951,31682.3727,114.008244,0,0.280104,49.4117705,0.0604764,0,9.37182368
USA ,86,170,66,66,388,500,2396.45547,4751.80836,1980.26732,746.788816,1677.37512,-22418.2991,800.364345,-37260.2211,0,9.47722946,0,0,29.9311759,5.95824244,25.5459248,10.2596526,34.8569336,14.2063738,1.05143884,1.41067199,0.019010165,0.040880613,0.006260638,0.00014533,1.29741E-05,0,0,0,0.016992089,0,0,,,,,,,0.021008797,0.169479163,7.98969302,774.348529,549.993803,-991.008444,0.214288777,6116.52397,0.026698124,1517.66951,36341.0279,130.772301,0,0.280104,56.6831915,0.0604764,0,10.7501192
USA ,86,170,66,66,388,550,2396.45547,4751.80836,1980.26732,746.788816,6504.169,-21969.7311,800.364345,-37112.2658,0,7.55692106,0,0,33.2476262,6.61214497,28.3602734,11.2401373,37.6646132,14.0728173,0.988803318,1.02746224,0.016302333,0.037735499,0.004767894,0.000114413,1.13451E-05,0,0,0,0.016991322,0,0,,,,,,,0.021008797,0.169479163,8.87488923,860.148313,610.954114,-991.008444,0.238032827,6794.25036,0.026698124,1517.66951,40367.7061,145.262204,0,0.280104,62.9638544,0.0604764,0,11.9412606
USA ,86,170,66,66,388,600,2396.45547,4751.80836,1980.26732,746.788816,11493.7707,-21566.2248,800.364345,-37097.9844,0,5.81815332,0,0,35.9481987,7.14092671,30.6424531,11.9534198,38.4401504,13.284026,0.897082391,0.754344367,0.013589447,0.033941286,0.003716042,9.2643E-05,1.03579E-05,0,0,0,0.016990428,0,0,,,,,,,0.021008797,0.169479163,9.5957612,930.01474,660.579488,-991.008444,0.257075324,7346.12031,0.026698124,1517.66951,43646.6144,157.061275,0,0.280104,68.0616676,0.0604764,0,12.9105206
USA ,86,170,66,66,388,650,2396.45547,4751.80836,1980.26732,746.788816,16648.1398,-21250.7737,800.364345,-37178.6943,0,4.33418386,0,0,38.0191259,7.54257406,32.3825639,12.4169044,37.8989662,12.3082281,0.809143223,0.567965232,0.011402764,0.030596622,0.00298665,7.74415E-05,9.79018E-06,0,0,0,0.016989476,0,0,,,,,,,0.021008797,0.169479163,10.14856,983.591634,698.634581,-991.008444,0.272032299,7769.32038,0.026698124,1517.66951,46161.0369,166.109363,0,0.280104,71.9909286,0.0604764,0,13.6546219
USA ,86,170,66,66,388,700,2396.45547,4751.80836,1980.26732,746.788816,21968.9077,-20454.5018,800.364345,-37274.3075,0,4.5387142,0,0,38.3681928,7.61117367,32.6782458,12.5141103,39.6037809,12.7100984,0.833180905,0.495973113,0.011199631,0.031766429,0.002753134,7.37188E-05,1.03022E-05,0,0,0,0.016989662,0,0,,,,,,,0.021008797,0.169479163,10.2417375,992.622333,705.048989,-991.008444,0.274693396,7840.65323,0.026698124,1517.66951,46584.8575,167.634471,0,0.280104,72.6611302,0.0604764,0,13.780371
USA ,86,170,66,66,388,750,2396.45547,4751.80836,1980.26732,746.788816,27457.3642,-19643.4385,800.364345,-37366.3626,0,5.49602166,0,0,37.8054972,7.50315596,32.2083783,12.410776,42.4065308,13.7258131,0.905287294,0.463259781,0.011757528,0.034893449,0.002689164,7.39989E-05,1.12581E-05,0,0,9.40496E-12,0.016990308,0,0,,,,,,,0.021008797,0.169479163,10.0915355,978.064853,694.708967,-991.008444,0.270650056,7725.66473,0.026698124,1517.66951,45901.659,165.175998,0,0.280104,71.5946631,0.0604764,0,13.5782377
USA ,86,170,66,66,388,800,2396.45547,4751.80836,1980.26732,746.788816,33114.4717,-19175.9626,800.364345,-37466.929,0,6.3370954,0,0,37.1216429,7.37006652,31.6326074,12.2463255,44.7365302,14.5790537,0.966830373,0.431129025,0.012186565,0.037652348,0.002602669,7.34424E-05,1.20808E-05,0,0,0,0.016990786,0,0,,,,,,,0.021008797,0.169479163,9.9089922,960.372879,682.142548,-991.008444,0.265750893,7585.91708,0.026698124,1517.66951,45071.3552,162.18817,0,0.280104,70.2994213,0.0604764,0,13.3326167
USA ,86,170,66,66,388,850,2396.45547,4751.80836,1980.26732,746.788816,38940.8938,-19018.2373,800.364345,-37569.5514,0,7.07773564,0,0,36.3750805,7.22382365,31.0015645,12.0461355,46.6942411,15.3031944,1.01983223,0.400726383,0.012527669,0.040098243,0.002500357,7.21755E-05,1.27384E-05,0,0,0,0.01699115,0,0,,,,,,,0.021008797,0.169479163,9.70971005,941.058586,668.423813,-991.008444,0.260402096,7433.35486,0.026698124,1517.66951,44164.9142,158.926364,0,0.280104,68.8853746,0.0604764,0,13.0644714
USA ,86,170,66,66,388,900,2396.45547,4751.80836,1980.26732,746.788816,44937.0311,-19140.2468,800.364345,-37671.5169,0,7.72936867,0,0,35.6067654,7.07274995,30.3506514,11.8275081,48.3506477,15.9208149,1.06561623,0.372451858,0.012804332,0.042264683,0.002387165,7.03167E-05,1.32131E-05,0,0,9.80474E-12,0.016991432,0,0,,,,,,,0.021008797,0.169479163,9.50462138,921.18153,654.305354,-991.008444,0.254899645,7276.34741,0.026698124,1517.66951,43232.0621,155.569519,0,0.280104,67.4302504,0.0604764,0,12.7885182
USA ,86,170,66,66,388,950,2396.45547,4751.80836,1980.26732,746.788816,51103.0605,-19519.0596,800.364345,-37769.3895,0,8.30764715,0,0,34.8390348,6.92143207,29.6992996,11.6009684,49.7698771,16.4543628,1.10560692,0.346533342,0.013036869,0.044195517,0.002268135,6.80154E-05,1.35074E-05,0,0,0,0.016991655,0,0,,,,,,,0.021008797,0.169479163,9.29968873,901.319595,640.197635,-991.008444,0.249402675,7119.4594,0.026698124,1517.66951,42299.9197,152.215227,0,0.280104,65.9763063,0.0604764,0,12.5127779
USA ,86,170,66,66,388,1000,2396.45547,4751.80836,1980.26732,746.788816,57438.9718,-20135.9994,800.364345,-37861.6285,0,8.82416238,0,0,34.0867709,6.77292282,29.0604472,11.3735071,50.9981312,16.9196998,1.14081058,0.322950527,0.013237358,0.045922619,0.002147112,6.54051E-05,1.36351E-05,0,0,0,0.016991836,0,0,,,,,,,0.021008797,0.169479163,9.09888466,881.857799,626.37413,-991.008444,0.244017364,6965.73205,0.026698124,1517.66951,41386.5562,148.928511,0,0.280104,64.5517052,0.0604764,0,12.2425949
USA ,86,170,66,66,388,1050,2396.45547,4751.80836,1980.26732,746.788816,63944.603,-20971.1171,800.364345,-37950.9053,0,9.28042074,0,0,33.3652478,6.63029542,28.4472163,11.1510119,52.0557886,17.3209471,1.17137716,0.301427474,0.013405681,0.047445664,0.002026073,6.25743E-05,1.36123E-05,0,0,0,0.01699198,0,0,,,,,,,0.021008797,0.169479163,8.90628632,863.191297,613.115514,-991.008444,0.238853104,6818.28668,0.026698124,1517.66951,40510.5167,145.776104,0,0.280104,63.185375,0.0604764,0,11.983455
USA ,86,170,66,66,388,1100,2396.45547,4751.80836,1980.26732,746.788816,70619.6713,-22016.9303,800.364345,-38033.4584,0,9.69274446,0,0,32.6727681,6.49329382,27.858371,10.9347475,52.9864137,17.6762209,1.19860986,0.28199039,0.013556,0.048815581,0.001908409,5.96555E-05,1.34698E-05,0,0,0,0.0169921,0,0,,,,,,,0.021008797,0.169479163,8.72144062,845.276176,600.390596,-991.008444,0.233896674,6676.77641,0.026698124,1517.66951,39669.7404,142.750591,0,0.280104,61.8740409,0.0604764,0,11.7347461
USA ,86,170,66,66,388,1150,2396.45547,4751.80836,1980.26732,746.788816,77463.8,-23261.1421,800.364345,-38111.0703,0,10.0635807,0,0,32.0149017,6.36304592,27.2987149,10.727048,53.8041987,17.9890805,1.22270118,0.264385164,0.013688115,0.050038466,0.001795174,5.67123E-05,1.32301E-05,0,0,0,0.0169922,0,0,,,,,,,0.021008797,0.169479163,8.54583436,828.256535,588.301727,-991.008444,0.229188384,6542.33948,0.026698124,1517.66951,38870.9899,139.876307,0,0.280104,60.6282756,0.0604764,0,11.4984698
USA ,86,170,66,66,388,1200,2396.45547,4751.80836,1980.26732,746.788816,84476.5415,-24698.978,800.364345,-38182.316,0,10.4020923,0,0,31.3894759,6.23915911,26.7664973,10.5280919,54.5336537,18.2696088,1.24438898,0.248500635,0.013808767,0.051144955,0.001687796,5.38168E-05,1.29191E-05,0,0,9.97049E-12,0.016992284,0,0,,,,,,,0.021008797,0.169479163,8.37888756,812.076163,576.808983,-991.008444,0.224712205,6414.53187,0.026698124,1517.66951,38111.6273,137.143759,0,0.280104,59.4439377,0.0604764,0,11.2738445
