,PUMP_BRAKE_POWER,COMP_BRAKE_POWER,HEAT1_HX_AREAC2,HEAT1_HX_DUTY,HEAT2_HX_AREAC2,HEAT2_HX_DUTY,COOL1_HX_AREAC2,COOL1_HX_DUTY,HX1_HX_AREAC2,HX1_HX_DUTY,HX2_HX_AREAC2,HX2_HX_DUTY,DRUM_BAL_MASI_TFL,SMR_QCALC,SMR_BAL_MASI_TFL,WGS_BAL_MASI_TFL,PSA_QCALC,PSA_BAL_MOLI_TFL,VSA_QCALC,VSA_BAL_MASI_TFL,VSA_BAL_MOLI_TFL,CH4,CO2,H2,H2O,S1,S10,S11,S12,S13,S14,S15,S16,S17,S18,S19,S2,S3,S4,S5,S6,S7,S8,S9,S9-1,S9-2,S12_VOL,CO,CO2,H2
0,0.0303142946,1.15551037,0.0110935677,79.5281814,0.0090899177,10.8719789,0.265422612,1431.30898,0.0310167441,884.603057,0.0385205482,2189.74768,18.9129606,5247.68545,18.9129606,18.9129606,-6.84854212,1.21208595,-0.170910333,10.9232945,0.44243768,4.32880012,8.52702851,1.55151855,14.5841605,14.5841605,18.9129606,18.9129606,6.4381476,12.474813,10.9232945,1.55151855,10.9232945,10.9232945,8.52702851,2.39626594,4.32880012,4.32880012,14.5841605,14.5841605,18.9129606,18.9129606,18.9129606,18.9129606,18.9129606,0.0,0.108474087,0.280104,8.18644811,0.0604764
0,0.0317843466,1.21154533,0.0116363489,83.3847963,0.00953240849,11.3992483,0.27950214,1500.69835,0.0325218487,927.500723,0.0403885517,2295.93662,19.8301198,5502.16508,19.8301198,19.8301198,-7.18067906,1.27086586,-0.183377344,11.4530281,0.46389337,4.53871961,8.92407521,1.62675971,15.2914002,15.2914002,19.8301198,19.8301198,6.75033201,13.0797878,11.4530281,1.62675971,11.4530281,11.4530281,8.92407521,2.52895292,4.53871961,4.53871961,15.2914002,15.2914002,19.8301198,19.8301198,19.8301198,19.8301198,19.8301198,0.0,0.113733973,0.280104,8.58349481,0.0604764
0,0.0321719367,1.22631936,0.0117795322,84.4016215,0.00965076438,11.5415092,0.28302947,1517.61014,0.0329868464,938.811011,0.0408810647,2323.93412,20.0719357,5569.26052,20.0719357,20.0719357,-7.27003019,1.28645965,-0.186751894,11.5942681,0.46956788,4.59406644,9.03258907,1.64675578,15.4778692,15.4778692,20.0719357,20.0719357,6.83091188,13.2410239,11.5942681,1.64675578,11.5942681,11.5942681,9.03258907,2.56167902,4.59406644,4.59406644,15.4778692,15.4778692,20.0719357,20.0719357,20.0719357,20.0719357,20.0719357,0.0,0.115091632,0.280104,8.69200867,0.0604764
0,0.0321577683,1.2257793,0.0117742976,84.3644513,0.00964649778,11.5364257,0.282892939,1516.94175,0.0329723192,938.397562,0.0408630608,2322.91067,20.0630961,5566.80784,20.0630961,20.0630961,-7.26682852,1.28589311,-0.186631204,11.5891622,0.469361085,4.59204323,9.02876159,1.64603057,15.4710528,15.4710528,20.0630961,20.0630961,6.82790334,13.2351927,11.5891622,1.64603057,11.5891622,11.5891622,9.02876159,2.56040057,4.59204323,4.59204323,15.4710528,15.4710528,20.0630961,20.0630961,20.0630961,20.0630961,20.0630961,0.0,0.115040942,0.280104,8.68818119,0.0604764
0,0.0318640611,1.21458386,0.0116657945,83.5939238,0.00955805974,11.4310595,0.280065414,1503.08709,0.0326711725,929.826877,0.0404898454,2301.69479,19.8798534,5515.9644,19.8798534,19.8798534,-7.20045788,1.27414862,-0.184130542,11.4833144,0.465074257,4.55010263,8.94940897,1.63099682,15.3297508,15.3297508,19.8798534,19.8798534,6.76554224,13.1143112,11.4833144,1.63099682,11.4833144,11.4833144,8.94940897,2.53390539,4.55010263,4.55010263,15.3297508,15.3297508,19.8798534,19.8798534,19.8798534,19.8798534,19.8798534,0.0,0.113990242,0.280104,8.60882857,0.0604764
0,0.0313965121,1.19676198,0.0114931067,82.36733,0.00941532401,11.2594991,0.275816085,1482.66534,0.0321113158,916.183303,0.0398957282,2267.92147,19.5881516,5435.02733,19.5881515,19.5881515,-7.0927005,1.25533931,-0.180066338,11.3129605,0.458229374,4.48333788,8.81856625,1.60687797,15.1048137,15.1048137,19.5881516,19.5881516,6.66831314,12.9198385,11.3129605,1.60687797,11.3129605,11.3129605,8.81856625,2.49439426,4.48333788,4.48333788,15.1048137,15.1048137,19.5881515,19.5881515,19.5881515,19.5881516,19.5881516,0.0,0.112352066,0.280104,8.47798585,0.0604764
0,0.0308285902,1.17511412,0.0112834078,80.8774125,0.00924499728,11.0570132,0.270298487,1455.34186,0.031555257,899.610743,0.0391740666,2226.89773,19.2338274,5336.71478,19.2338274,19.2338274,-6.9650525,1.23266688,-0.175276799,11.1088971,0.449947006,4.40224015,8.66660741,1.57786934,14.8315873,14.8315873,19.2338274,19.2338274,6.547061,12.6867664,11.1088971,1.57786934,11.1088971,11.1088971,8.66660741,2.44228969,4.40224015,4.40224015,14.8315873,14.8315873,19.2338274,19.2338274,19.2338274,19.2338274,19.2338274,0.0,0.11030913,0.280104,8.32602701,0.0604764
0,0.0302094152,1.15151261,0.0110548607,79.253035,0.00905863863,10.834915,0.264388126,1426.12224,0.0309209898,881.542565,0.0383872773,2182.17173,18.8475268,5229.52985,18.8475268,18.8475268,-6.82515031,1.20790876,-0.170036488,10.8857696,0.440909944,4.31382362,8.49935582,1.54617757,14.5337032,14.5337032,18.8475268,18.8475268,6.41557959,12.4319472,10.8857696,1.54617757,10.8857696,10.8857696,8.49935582,2.3864138,4.31382362,4.31382362,14.5337032,14.5337032,18.8475268,18.8475268,18.8475268,18.8475268,18.8475268,0.0,0.108093846,0.280104,8.15877542,0.0604764
0,0.0295746244,1.12731586,0.0108206323,77.5876901,0.00886761553,10.6072295,0.258350401,1396.16,0.0302710063,863.018702,0.0375806451,2136.31773,18.4514835,5119.64168,18.4514835,18.4514835,-6.68172704,1.18252662,-0.164678619,10.6570213,0.431645037,4.2231772,8.32790187,1.51368716,14.2283063,14.2283063,18.4514835,18.4514835,6.28077506,12.1707084,10.6570213,1.51368716,10.6570213,10.6570213,8.32790187,2.32911942,4.2231772,4.2231772,14.2283063,14.2283063,18.4514835,18.4514835,18.4514835,18.4514835,18.4514835,0.0,0.105822572,0.280104,7.98732147,0.0604764
0,0.0289315744,1.10280429,0.0105834419,75.9006775,0.00867413773,10.3765841,0.252257073,1365.80679,0.0296126218,844.253825,0.0367635178,2089.86713,18.0502873,5008.32376,18.0502873,18.0502873,-6.53643919,1.15681431,-0.159266649,10.425298,0.422259598,4.13135138,8.15422027,1.48077416,13.9189359,13.9189359,18.0502873,18.0502873,6.14421516,11.9060721,10.425298,1.48077416,10.425298,10.425298,8.15422027,2.27107772,4.13135138,4.13135138,13.9189359,13.9189359,18.0502873,18.0502873,18.0502873,18.0502873,18.0502873,0.0,0.103521723,0.280104,7.81363987,0.0604764
0,0.0283079372,1.07903269,0.0103534939,74.2645934,0.00848653483,10.152913,0.246369074,1336.36501,0.0289743534,826.055433,0.0359710583,2044.81881,17.6612027,4900.36637,17.6612027,17.6612027,-6.39554365,1.13187856,-0.154034089,10.2005756,0.413157555,4.04229765,7.9857954,1.44885531,13.618905,13.618905,17.6612027,17.6612027,6.01177171,11.649431,10.2005756,1.44885531,10.2005756,10.2005756,7.9857954,2.21478025,4.04229765,4.04229765,13.618905,13.618905,17.6612027,17.6612027,17.6612027,17.6612027,17.6612027,0.0,0.101290229,0.280104,7.645215,0.0604764
0,0.0277070124,1.05612684,0.0101319968,72.6880944,0.00830579143,9.93738951,0.240715868,1307.99479,0.0283593648,808.519815,0.0352074598,2001.41111,17.2862882,4796.34072,17.2862882,17.2862882,-6.25978034,1.10785101,-0.149007629,9.98403834,0.404387011,3.9564872,7.82350639,1.418099,13.329801,13.329801,17.2862882,17.2862882,5.88415089,11.4021373,9.98403834,1.418099,9.98403834,9.98403834,7.82350639,2.16053195,3.9564872,3.9564872,13.329801,13.329801,17.2862882,17.2862882,17.2862882,17.2862882,17.2862882,0.0,0.0991399909,0.280104,7.48292599,0.0604764
0,0.0271333805,1.03426133,0.00992062966,71.183197,0.00813328223,9.73165691,0.235337905,1280.91214,0.0277723542,791.780632,0.0344785424,1959.97491,16.9284017,4697.03972,16.9284017,16.9284017,-6.13018436,1.0849148,-0.144224464,9.77733682,0.39601482,3.8745741,7.66859085,1.38873969,13.0538276,13.0538276,16.9284017,16.9284017,5.76232518,11.1660765,9.77733682,1.38873969,9.77733682,9.77733682,7.66859085,2.10874597,3.8745741,3.8745741,13.0538276,13.0538276,16.9284017,16.9284017,16.9284017,16.9284017,16.9284017,0.0,0.0970873924,0.280104,7.32801045,0.0604764
0,0.0265867683,1.01342574,0.00971928196,69.7491846,0.00796892069,9.53561515,0.230230076,1255.10506,0.0272129987,775.829911,0.0337839591,1920.49048,16.5873726,4602.41608,16.5873726,16.5873726,-6.00669285,1.06305896,-0.139680907,9.58037166,0.388036985,3.79651934,7.52097257,1.36076331,12.7908533,12.7908533,16.5873726,16.5873726,5.64623768,10.941135,9.58037166,1.36076331,9.58037166,9.58037166,7.52097257,2.05939908,3.79651934,3.79651934,12.7908533,12.7908533,16.5873726,16.5873726,16.5873726,16.5873726,16.5873726,0.0,0.0951314749,0.280104,7.18039217,0.0604764
0,0.0260690671,0.993692176,0.0095286409,68.391019,0.00781327268,9.34994339,0.225407404,1230.66248,0.0266832514,760.722846,0.0331261133,1883.09443,16.2643811,4512.79721,16.2643811,16.2643811,-5.88973358,1.04235914,-0.135391212,9.39382477,0.380481115,3.722593,7.38116332,1.33426668,12.5417881,12.5417881,16.2643811,16.2643811,5.53628962,10.7280915,9.39382477,1.33426668,9.39382477,9.39382477,7.38116332,2.01266145,3.722593,3.722593,12.5417881,12.5417881,16.2643811,16.2643811,16.2643811,16.2643811,16.2643811,0.0,0.0932789986,0.280104,7.04058292,0.0604764
0,0.0537798233,2.04996172,0.0198117789,141.088935,0.0161712226,19.2876548,0.506150515,2539.26939,0.0550250214,1569.35191,0.0683383303,3884.77597,33.5530051,9309.78601,33.553005,33.553005,-12.1497991,2.15032961,-0.375277086,19.3787173,0.78491724,7.6796148,14.8638946,2.75250748,25.8733902,25.8733902,33.5530051,33.5530051,11.4217803,22.1312248,19.3787173,2.75250748,19.3787173,19.3787173,14.8638946,4.51482277,7.6796148,7.6796148,25.8733902,25.8733902,33.553005,33.553005,33.553005,33.5530051,33.5530051,0.0,0.192441564,0.280104,14.5233142,0.0604764
0,0.0566631115,2.15986595,0.0208910492,148.653111,0.0170440032,20.3216066,0.538293464,2675.45548,0.057972672,1653.48929,0.0720021411,4093.04977,35.3518763,9808.90993,35.3518763,35.3518763,-12.8011215,2.26561147,-0.400865312,20.4176097,0.826998249,8.09134063,15.6423956,2.90007161,27.2605357,27.2605357,35.3518763,35.3518763,12.0341951,23.3176813,20.4176097,2.90007161,20.4176097,20.4176097,15.6423956,4.77521404,8.09134063,8.09134063,27.2605357,27.2605357,35.3518763,35.3518763,35.3518763,35.3518763,35.3518763,0.0,0.202759925,0.280104,15.3018152,0.0604764
0,0.0573886323,2.18752112,0.021162905,150.556482,0.0172666408,20.5874492,0.546059718,2707.30517,0.0588335642,1674.66076,0.0729240645,4145.45764,35.8045259,9934.50431,35.8045257,35.8045257,-12.9681275,2.29478772,-0.407457244,20.6817743,0.837617783,8.19494306,15.8449862,2.93747973,27.6095827,27.6095827,35.8045259,35.8045259,12.1852718,23.619254,20.6817743,2.93747973,20.6817743,20.6817743,15.8449862,4.83678809,8.19494306,8.19494306,27.6095827,27.6095827,35.8045257,35.8045257,35.8045257,35.8045259,35.8045259,0.0,0.20530536,0.280104,15.5044058,0.0604764
0,0.0573661094,2.1866626,0.0211544639,150.497395,0.0172598176,20.5793684,0.545805308,2706.24257,0.0588104743,1674.00352,0.0728954447,4143.83071,35.7904738,9930.60539,35.7904738,35.7904738,-12.9630381,2.29388713,-0.40725695,20.6736578,0.837289052,8.19172686,15.8389022,2.93632693,27.598747,27.598747,35.7904738,35.7904738,12.1804891,23.6099847,20.6736578,2.93632693,20.6736578,20.6736578,15.8389022,4.83475554,8.19172686,8.19172686,27.598747,27.598747,35.7904738,35.7904738,35.7904738,35.7904738,35.7904738,0.0,0.205224777,0.280104,15.4983218,0.0604764
0,0.0568440515,2.16676297,0.0209588377,149.127799,0.0171016807,20.392086,0.539919305,2681.61462,0.0582752721,1658.76932,0.0722320627,4106.11995,35.4647641,9840.23233,35.4647641,35.4647641,-12.8450678,2.27301167,-0.40261479,20.4855175,0.829669332,8.11717839,15.6978592,2.90960496,27.3475857,27.3475857,35.4647641,35.4647641,12.0696417,23.3951225,20.4855175,2.90960496,20.4855175,20.4855175,15.6978592,4.78765833,8.11717839,8.11717839,27.3475857,27.3475857,35.4647641,35.4647641,35.4647641,35.4647641,35.4647641,0.0,0.203357147,0.280104,15.3572788,0.0604764
0,0.0560097598,2.13496171,0.0206463316,146.939073,0.0168456918,20.0863689,0.531025226,2644.99745,0.0572849881,1634.4238,0.0711719234,4045.85503,34.9442532,9695.80869,34.944253,34.944253,-12.6530137,2.23946072,-0.39503776,20.1817399,0.817457605,7.99804376,15.4648734,2.86658763,26.9462092,26.9462092,34.9442532,34.9442532,11.8959256,23.0483275,20.1817399,2.86658763,20.1817399,20.1817399,15.4648734,4.71686647,7.99804376,7.99804376,26.9462092,26.9462092,34.944253,34.944253,34.944253,34.9442532,34.9442532,0.0,0.200430273,0.280104,15.124293,0.0604764
0,0.054993347,2.09621842,0.0202658081,144.27256,0.0165390757,19.7239681,0.519521706,2596.10105,0.0562895815,1604.76381,0.0698803618,3972.43464,34.3101174,9519.85822,34.3101174,34.3101174,-12.4245555,2.19888344,-0.386067859,19.8165214,0.802634551,7.85290274,15.1928992,2.81467022,26.4572146,26.4572146,34.3101174,34.3101174,11.6789258,22.6311916,19.8165214,2.81467022,19.8165214,19.8165214,15.1928992,4.62362214,7.85290274,7.85290274,26.4572146,26.4572146,34.3101174,34.3101174,34.3101174,34.3101174,34.3101174,0.0,0.196774117,0.280104,14.8523188,0.0604764
0,0.0538882459,2.05409454,0.0198523315,141.373377,0.0162045646,19.327569,0.507273589,2543.94958,0.055157564,1572.51579,0.0684761035,3892.60786,33.6206494,9328.55498,33.6206494,33.6206494,-12.1748591,2.15469527,-0.3762642,19.4182848,0.786505243,7.69509726,14.8943904,2.7581069,25.9255522,25.9255522,33.6206494,33.6206494,11.4442578,22.1763917,19.4182848,2.7581069,19.4182848,19.4182848,14.8943904,4.52389441,7.69509726,7.69509726,25.9255522,25.9255522,33.6206494,33.6206494,33.6206494,33.6206494,33.6206494,0.0,0.192820278,0.280104,14.55381,0.0604764
0,0.0527477745,2.01062242,0.0194258937,138.381402,0.0158594503,18.9185038,0.494724461,2490.12041,0.0539897338,1539.23564,0.0670268999,3810.2261,32.9091141,9131.12879,32.9091141,32.9091141,-11.9171818,2.10909337,-0.366157569,19.0073117,0.769859801,7.53224099,14.5863509,2.69973417,25.3768731,25.3768731,32.9091141,32.9091141,11.2020682,21.7070459,19.0073117,2.69973417,19.0073117,19.0073117,14.5863509,4.42096084,7.53224099,7.53224099,25.3768731,25.3768731,32.9091141,32.9091141,32.9091141,32.9091141,32.9091141,0.0,0.188739711,0.280104,14.2457705,0.0604764
0,0.0516112246,1.96729978,0.0190011975,135.399714,0.0155156239,18.5108606,0.482309696,2436.46975,0.0528262433,1506.06991,0.0655826794,3728.12763,32.2000254,8934.38147,32.2000254,32.2000254,-11.660399,2.06364874,-0.356097094,18.5977593,0.753271679,7.36994471,14.2793889,2.64156291,24.8300807,24.8300807,32.2000254,32.2000254,10.9607032,21.2393223,18.5977593,2.64156291,18.5977593,18.5977593,14.2793889,4.31837047,7.36994471,7.36994471,24.8300807,24.8300807,32.2000254,32.2000254,32.2000254,32.2000254,32.2000254,0.0,0.184673037,0.280104,13.9388085,0.0604764
0,0.05049843,1.92488264,0.018585644,132.480348,0.0151790784,18.1117458,0.470242057,2383.93692,0.051687245,1473.59739,0.064168645,3647.74511,31.5057576,8741.74641,31.5057576,31.5057576,-11.4089879,2.0191542,-0.34625839,18.1967711,0.737030314,7.21104062,13.9788525,2.5846079,24.294717,24.294717,31.5057576,31.5057576,10.7243786,20.781379,18.1967711,2.5846079,18.1967711,18.1967711,13.9788525,4.2179186,7.21104062,7.21104062,24.294717,24.294717,31.5057576,31.5057576,31.5057576,31.5057576,31.5057576,0.0,0.180691286,0.280104,13.6382721,0.0604764
0,0.0494256717,1.88399159,0.0181852902,129.666015,0.0148547295,17.7269976,0.45868977,2333.29108,0.0505893758,1442.29318,0.0628054848,3570.2546,30.8364682,8556.04201,30.8364682,30.8364682,-11.1666259,1.9762607,-0.336785044,17.8102132,0.721373322,7.05785361,13.6891373,2.52970238,23.7786146,23.7786146,30.8364682,30.8364682,10.4965527,20.3399155,17.8102132,2.52970238,17.8102132,17.8102132,13.6891373,4.12107582,7.05785361,7.05785361,23.7786146,23.7786146,30.8364682,30.8364682,30.8364682,30.8364682,30.8364682,0.0,0.176852728,0.280104,13.3485569,0.0604764
0,0.0483999466,1.84489334,0.0178027174,126.975072,0.0145446803,17.3591214,0.447717883,2284.86425,0.0495397132,1412.36144,0.0615020901,3496.16153,30.1965226,8378.47948,30.1965226,30.1965226,-10.9348918,1.9352479,-0.327738009,17.4406048,0.706402802,6.91138281,13.4121283,2.47720426,23.2851398,23.2851398,30.1965226,30.1965226,10.2787136,19.9178091,17.4406048,2.47720426,17.4406048,17.4406048,13.4121283,4.02847655,6.91138281,6.91138281,23.2851398,23.2851398,30.1965226,30.1965226,30.1965226,30.1965226,30.1965226,0.0,0.173182433,0.280104,13.0715479,0.0604764
0,0.0474250771,1.80773358,0.0174393191,124.417546,0.0142500748,17.0094869,0.4373563,2238.83749,0.048542139,1383.91372,0.0602633178,3425.74201,29.5883057,8209.72054,29.5883057,29.5883057,-10.7146483,1.89626858,-0.319150005,17.0893228,0.692174535,6.77217406,13.148856,2.42730911,22.8161316,22.8161316,29.5883057,29.5883057,10.0716738,19.5166319,17.0893228,2.42730911,17.0893228,17.0893228,13.148856,3.94046684,6.77217406,6.77217406,22.8161316,22.8161316,29.5883057,29.5883057,29.5883057,29.5883057,29.5883057,0.0,0.169694093,0.280104,12.8082756,0.0604764
0,0.0465053131,1.77267432,0.0170966467,122.004586,0.0139721861,16.679618,0.42763904,2195.41144,0.0476010029,1357.07403,0.0590945683,3359.30301,29.0144687,8050.50085,29.0144687,29.0144687,-10.5068556,1.85949268,-0.31105733,16.7578985,0.678750546,6.64083421,12.9004681,2.38023445,22.3736345,22.3736345,29.0144687,29.0144687,9.87633584,19.1381329,16.7578985,2.38023445,16.7578985,16.7578985,12.9004681,3.85743032,6.64083421,6.64083421,22.3736345,22.3736345,29.0144687,29.0144687,29.0144687,29.0144687,29.0144687,0.0,0.166402912,0.280104,12.5598877,0.0604764
0,0.0280292488,1.06840974,0.0102507618,73.5334669,0.00840244231,10.0524405,0.243776997,1323.42966,0.0286782276,817.923012,0.0356169273,2024.6878,17.4873302,4852.12282,17.4873301,17.4873301,-6.33229564,1.12072,-0.151689285,10.099901,0.409087261,4.00250169,7.90991702,1.4345662,13.4848284,13.4848284,17.4873302,17.4873302,5.95286303,11.5344672,10.099901,1.4345662,10.099901,10.099901,7.90991702,2.18998394,4.00250169,4.00250169,13.4848284,13.4848284,17.4873301,17.4873301,17.4873301,17.4873302,17.4873302,0.0,0.100297698,0.280104,7.56933662,0.0604764
0,0.0289498518,1.10350098,0.0105901823,75.9486274,0.00867956111,10.3829927,0.252439097,1366.73228,0.0296282454,844.787178,0.0367867429,2091.18739,18.0616905,5011.48775,18.0616905,18.0616905,-6.54048791,1.15754077,-0.159416892,10.4318129,0.422525563,4.13396134,8.15898299,1.48170246,13.9277292,13.9277292,18.0616905,18.0616905,6.14817512,11.9135154,10.4318129,1.48170246,10.4318129,10.4318129,8.15898299,2.27282992,4.13396134,4.13396134,13.9277292,13.9277292,18.0616905,18.0616905,18.0616905,18.0616905,18.0616905,0.0,0.103588442,0.280104,7.81840259,0.0604764
0,0.0293126643,1.11733055,0.0107239974,76.9004495,0.0087900114,10.5156432,0.255717464,1382.78297,0.0300526802,855.374429,0.0372477708,2117.39509,18.2880477,5074.29395,18.2880477,18.2880477,-6.62384373,1.17212241,-0.162526268,10.5637737,0.427834523,4.18576999,8.25995056,1.50039507,14.1022777,14.1022777,18.2880477,18.2880477,6.22387895,12.0641688,10.5637737,1.50039507,10.5637737,10.5637737,8.25995056,2.30382315,4.18576999,4.18576999,14.1022777,14.1022777,18.2880477,18.2880477,18.2880477,18.2880477,18.2880477,0.0,0.104863947,0.280104,7.91937016,0.0604764
0,0.0293025928,1.11694665,0.0107202824,76.8740274,0.00878698064,10.5120297,0.255622043,1382.30782,0.0300423544,855.080532,0.0372349729,2116.66758,18.2817641,5072.55048,18.2817641,18.2817641,-6.62156791,1.17171969,-0.162441473,10.5601443,0.427687525,4.18433181,8.25723,1.49987957,14.0974323,14.0974323,18.2817641,18.2817641,6.22174028,12.0600238,10.5601443,1.49987957,10.5601443,10.5601443,8.25723,2.30291426,4.18433181,4.18433181,14.0974323,14.0974323,18.2817641,18.2817641,18.2817641,18.2817641,18.2817641,0.0,0.104827914,0.280104,7.9166496,0.0604764
0,0.0290321425,1.10663771,0.010620531,76.1645133,0.008705601,10.4150079,0.253062002,1369.54976,0.0297650765,847.188507,0.0368913102,2097.13165,18.1130313,5025.73303,18.1130313,18.1130313,-6.56045335,1.16090521,-0.160165679,10.4626784,0.423740151,4.14571223,8.18416211,1.4860363,13.9673191,13.9673191,18.1130313,18.1130313,6.16431659,11.9487147,10.4626784,1.4860363,10.4626784,10.4626784,8.18416211,2.27851632,4.14571223,4.14571223,13.9673191,13.9673191,18.1130313,18.1130313,18.1130313,18.1130313,18.1130313,0.0,0.103860402,0.280104,7.84358171,0.0604764
0,0.0286054362,1.09037266,0.0104631779,75.0450685,0.00857548804,10.2585653,0.249240105,1350.856,0.0292568869,834.736767,0.036349092,2066.30859,17.8468111,4951.86621,17.846811,17.846811,-6.46218116,1.14374287,-0.156504426,10.3072694,0.417493912,4.08477971,8.06490407,1.46403075,13.7620313,13.7620313,17.8468111,17.8468111,6.07551096,11.7713002,10.3072694,1.46403075,10.3072694,10.3072694,8.06490407,2.24236534,4.08477971,4.08477971,13.7620313,13.7620313,17.846811,17.846811,17.846811,17.8468111,17.8468111,0.0,0.10236415,0.280104,7.72432367,0.0604764
0,0.0280877368,1.07063917,0.0102723207,73.6869077,0.00842032063,10.0739759,0.244292864,1325.95296,0.0287497964,819.629755,0.0356912485,2028.91267,17.5238206,4862.24765,17.5238206,17.5238206,-6.34581597,1.12307513,-0.152191264,10.121247,0.409943919,4.01085363,7.92637172,1.43758694,13.512967,13.512967,17.5238206,17.5238206,5.96498662,11.558834,10.121247,1.43758694,10.121247,10.121247,7.92637172,2.1948753,4.01085363,4.01085363,13.512967,13.512967,17.5238206,17.5238206,17.5238206,17.5238206,17.5238206,0.0,0.100501964,0.280104,7.58579132,0.0604764
0,0.027521635,1.04906068,0.010063683,72.2017651,0.00825004535,9.87091441,0.238975273,1299.23819,0.028169883,803.110306,0.0349718996,1988.02041,17.170632,4764.25017,17.170632,17.170632,-6.21790528,1.10043915,-0.14746048,9.91724482,0.401681473,3.9300158,7.77345553,1.40861162,13.2406162,13.2406162,17.170632,17.170632,5.84477558,11.3258564,9.91724482,1.40861162,9.91724482,9.91724482,7.77345553,2.1437893,3.9300158,3.9300158,13.2406162,13.2406162,17.170632,17.170632,17.170632,17.170632,17.170632,0.0,0.0984765702,0.280104,7.43287513,0.0604764
0,0.0269404502,1.02690727,0.00984955562,70.6770531,0.00807526379,9.66245579,0.233533618,1271.80632,0.027574781,786.150722,0.0342333848,1946.03863,16.8080333,4663.6417,16.8080333,16.8080333,-6.08659344,1.07720044,-0.142619001,9.70781335,0.393198955,3.84702417,7.61647987,1.37886491,12.9610091,12.9610091,16.8080333,16.8080333,5.72135504,11.0866783,9.70781335,1.37886491,9.70781335,9.70781335,7.61647987,2.09133348,3.84702417,3.84702417,12.9610091,12.9610091,16.8080333,16.8080333,16.8080333,16.8080333,16.8080333,0.0,0.0963971009,0.280104,7.27589947,0.0604764
0,0.026358487,1.00472419,0.00963521158,69.1502989,0.00790027511,9.45372345,0.228102896,1244.33533,0.0269789986,769.168422,0.0334938808,1904.00062,16.4449489,4562.89847,16.4449489,16.4449489,-5.9551088,1.05393077,-0.137787267,9.49810406,0.384705105,3.76392138,7.45930052,1.34907862,12.6810275,12.6810275,16.4449489,16.4449489,5.59776622,10.8471827,9.49810406,1.34907862,9.49810406,9.49810406,7.45930052,2.03880354,3.76392138,3.76392138,12.6810275,12.6810275,16.4449489,16.4449489,16.4449489,16.4449489,16.4449489,0.0,0.0943147962,0.280104,7.11872012,0.0604764
0,0.0257898731,0.983049949,0.00942585204,67.6585661,0.00772932676,9.24978498,0.222814229,1217.49198,0.0263970059,752.57567,0.0327713398,1862.92689,16.0901931,4464.46614,16.0901931,16.0901931,-5.82664343,1.03119504,-0.133082904,9.29320802,0.376406123,3.68272484,7.30573357,1.31997588,12.4074683,12.4074683,16.0901931,16.0901931,5.4770092,10.6131839,9.29320802,1.31997588,9.29320802,9.29320802,7.30573357,1.98747446,3.68272484,3.68272484,12.4074683,12.4074683,16.0901931,16.0901931,16.0901931,16.0901931,16.0901931,0.0,0.0922802036,0.280104,6.96515317,0.0604764
0,0.0252427902,0.962196423,0.00922448325,66.2233189,0.00756487512,9.05357242,0.217742159,1191.66353,0.0258371267,736.611215,0.0320761585,1823.40846,15.7488704,4369.76102,15.7488704,15.7488704,-5.70304449,1.00932032,-0.12857289,9.09607228,0.368421407,3.60460287,7.15798581,1.2919753,12.1442675,12.1442675,15.7488704,15.7488704,5.36082281,10.3880476,9.09607228,1.2919753,9.09607228,9.09607228,7.15798581,1.93808647,3.60460287,3.60460287,12.1442675,12.1442675,15.7488704,15.7488704,15.7488704,15.7488704,15.7488704,0.0,0.09032262,0.280104,6.81740541,0.0604764
0,0.0247189039,0.942227094,0.00903171063,64.8489267,0.0074074168,8.86568031,0.212900228,1166.9298,0.0253010072,721.323659,0.0314104531,1785.56562,15.4220199,4279.07143,15.4220199,15.4220199,-5.58468673,0.988373131,-0.124269742,8.90729565,0.360775252,3.5297933,7.01650377,1.26516201,11.8922266,11.8922266,15.4220199,15.4220199,5.24956225,10.1724577,8.90729565,1.26516201,8.90729565,8.90729565,7.01650377,1.89079188,3.5297933,3.5297933,11.8922266,11.8922266,15.4220199,15.4220199,15.4220199,15.4220199,15.4220199,0.0,0.0884480298,0.280104,6.67592337,0.0604764
0,0.0242212886,0.923259158,0.00884865746,63.5434555,0.00725787339,8.68721191,0.208314657,1143.43571,0.024791805,706.802721,0.0307781305,1749.62047,15.1115598,4192.92961,15.1115598,15.1115598,-5.47226506,0.968476416,-0.120197296,8.72798626,0.353512534,3.45873517,6.88211841,1.23969339,11.6528247,11.6528247,15.1115598,15.1115598,5.14388018,9.96767966,8.72798626,1.23969339,8.72798626,8.72798626,6.88211841,1.84586785,3.45873517,3.45873517,11.6528247,11.6528247,15.1115598,15.1115598,15.1115598,15.1115598,15.1115598,0.0,0.0866674297,0.280104,6.54153801,0.0604764
0,0.0237492381,0.905265691,0.00867505588,62.3050523,0.00711602905,8.5179123,0.203976896,1121.1486,0.0243087641,693.02779,0.0301782932,1715.52199,14.8170495,4111.21329,14.8170495,14.8170495,-5.36561903,0.949601887,-0.116348142,8.55788885,0.346622935,3.39132762,6.75463711,1.21553321,11.4257219,11.4257219,14.8170495,14.8170495,5.04362744,9.77342206,8.55788885,1.21553321,8.55788885,8.55788885,6.75463711,1.80325174,3.39132762,3.39132762,11.4257219,11.4257219,14.8170495,14.8170495,14.8170495,14.8170495,14.8170495,0.0,0.0849783067,0.280104,6.41405671,0.0604764
0,0.0360131942,1.37273916,0.0132002614,94.4789867,0.0108060583,12.9158114,0.320717585,1700.39982,0.0368470303,1050.90295,0.0457621726,2601.40667,22.4684801,6234.21779,22.46848,22.46848,-8.13600801,1.43994965,-0.219592371,12.9767907,0.52561305,5.14258772,10.0659923,1.84319286,17.3258923,17.3258923,22.4684801,22.4684801,7.64849654,14.8199836,12.9767907,1.84319286,12.9767907,12.9767907,10.0659923,2.91079839,5.14258772,5.14258772,17.3258923,17.3258923,22.46848,22.46848,22.46848,22.4684801,22.4684801,0.0,0.128866831,0.280104,9.7254119,0.0604764
0,0.0372248339,1.41892405,0.0136490388,97.6576688,0.0111714747,13.3508343,0.332689779,1757.40442,0.0380967726,1086.25987,0.0473018102,2688.92925,23.2244169,6443.96386,23.2244169,23.2244169,-8.41000155,1.48840997,-0.230062714,13.4136182,0.54329954,5.31560663,10.3937628,1.90522921,17.9088103,17.9088103,23.2244169,23.2244169,7.90556954,15.3188474,13.4136182,1.90522921,13.4136182,13.4136182,10.3937628,3.01985534,5.31560663,5.31560663,17.9088103,17.9088103,23.2244169,23.2244169,23.2244169,23.2244169,23.2244169,0.0,0.133198164,0.280104,10.0531824,0.0604764
0,0.0377038323,1.43718235,0.0138265391,98.9142994,0.011317472,13.5257466,0.337255102,1778.68804,0.0386525433,1100.23755,0.0479104762,2723.52962,23.5232621,6526.88293,23.523262,23.523262,-8.51993135,1.50765474,-0.234281434,13.5877321,0.550307445,5.38400632,10.5268067,1.92989726,18.1392557,18.1392557,23.5232621,23.5232621,8.00563275,15.5176294,13.5877321,1.92989726,13.5877321,13.5877321,10.5268067,3.06092541,5.38400632,5.38400632,18.1392557,18.1392557,23.523262,23.523262,23.523262,23.5232621,23.5232621,0.0,0.134884091,0.280104,10.1862263,0.0604764
0,0.0376893102,1.4366288,0.013821157,98.8762013,0.0113130933,13.5205365,0.337110388,1778.00291,0.0386376558,1099.81378,0.0478920229,2722.48061,23.5142017,6524.36902,23.5142017,23.5142017,-8.51664989,1.50707406,-0.234155719,13.5824988,0.550095488,5.3819326,10.5228839,1.92915396,18.1322691,18.1322691,23.5142017,23.5142017,8.00254896,15.5116528,13.5824988,1.92915396,13.5824988,13.5824988,10.5228839,3.05961486,5.3819326,5.3819326,18.1322691,18.1322691,23.5142017,23.5142017,23.5142017,23.5142017,23.5142017,0.0,0.134832133,0.280104,10.1823035,0.0604764
0,0.0373405298,1.4233341,0.0136919073,97.9611916,0.0112079361,13.3954157,0.333638828,1761.54916,0.0382800994,1089.636,0.0474488256,2697.28652,23.2965991,6463.99189,23.2965991,23.2965991,-8.43783558,1.49312743,-0.231137382,13.4568048,0.545004849,5.33212769,10.4286551,1.91130135,17.9644714,17.9644714,23.2965991,23.2965991,7.92849301,15.3681061,13.4568048,1.91130135,13.4568048,13.4568048,10.4286551,3.02814962,5.33212769,5.33212769,17.9644714,17.9644714,23.2965991,23.2965991,23.2965991,23.2965991,23.2965991,0.0,0.13358439,0.280104,10.0880747,0.0604764
0,0.0367918311,1.40241899,0.0134886242,96.5217055,0.0110403718,13.1943927,0.328464662,1737.44894,0.0376296832,1073.6244,0.046751591,2657.65137,22.9542684,6369.00707,22.9542683,22.9542683,-8.31154792,1.47106281,-0.226293762,13.2570359,0.536973642,5.25377499,10.2754738,1.88301166,17.7004933,17.7004933,22.9542684,22.9542684,7.81422089,15.1400475,13.2570359,1.88301166,13.2570359,13.2570359,10.2754738,2.98156208,5.25377499,5.25377499,17.7004933,17.7004933,22.9542683,22.9542683,22.9542683,22.9542684,22.9542684,0.0,0.131659063,0.280104,9.93489339,0.0604764
0,0.0361263168,1.37705113,0.0132421477,94.7757588,0.0108405168,12.9571012,0.321787929,1705.4345,0.0369778573,1054.20399,0.0459059182,2609.57807,22.5390567,6253.80037,22.5390567,22.5390567,-8.16195913,1.44449402,-0.220584647,13.017901,0.527267967,5.15874133,10.0973902,1.84901766,17.3803154,17.3803154,22.5390567,22.5390567,7.67213805,14.8669187,13.017901,1.84901766,13.017901,13.017901,10.0973902,2.92051088,5.15874133,5.15874133,17.3803154,17.3803154,22.5390567,22.5390567,22.5390567,22.5390567,22.5390567,0.0,0.129265158,0.280104,9.75680975,0.0604764
0,0.0353991693,1.34933396,0.0129729509,92.8681204,0.0106213875,12.6962727,0.314624663,1671.11976,0.036232974,1032.98506,0.0449819277,2557.0527,22.0853925,6127.92441,22.0853925,22.0853925,-7.99766032,1.41541853,-0.214320992,12.755864,0.516655008,5.05490662,9.90097237,1.81179941,17.0304859,17.0304859,22.0853925,22.0853925,7.51772906,14.5676635,12.755864,1.81179941,12.755864,12.755864,9.90097237,2.85489168,5.05490662,5.05490662,17.0304859,17.0304859,22.0853925,22.0853925,22.0853925,22.0853925,22.0853925,0.0,0.126663575,0.280104,9.56039197,0.0604764
0,0.0346498926,1.32077327,0.0126956773,90.9024266,0.010395637,12.4275219,0.307275412,1635.75443,0.0354657319,1011.12037,0.0440298174,2502.92882,21.6179219,5998.21765,21.6179219,21.6179219,-7.82836947,1.38545862,-0.207880407,12.4858596,0.505719144,4.9479119,9.69859445,1.77344921,16.67001,16.67001,21.6179219,21.6179219,7.35861303,14.2593088,12.4858596,1.77344921,12.4858596,12.4858596,9.69859445,2.78726519,4.9479119,4.9479119,16.67001,16.67001,21.6179219,21.6179219,21.6179219,21.6179219,21.6179219,0.0,0.123982685,0.280104,9.35801405,0.0604764
0,0.0339038209,1.29233476,0.0124197063,88.9451414,0.0101708972,12.1599307,0.299989967,1600.53612,0.0347019811,989.349217,0.0430817799,2449.03647,21.1524509,5869.06573,21.1524509,21.1524509,-7.6598083,1.35562716,-0.201481803,12.2170151,0.494830115,4.84137487,9.49709401,1.73526354,16.3110761,16.3110761,21.1524509,21.1524509,7.20017234,13.9522786,12.2170151,1.73526354,12.2170151,12.2170151,9.49709401,2.71992105,4.84137487,4.84137487,16.3110761,16.3110761,21.1524509,21.1524509,21.1524509,21.1524509,21.1524509,0.0,0.121313174,0.280104,9.15651361,0.0604764
0,0.0331717268,1.26442904,0.0121490185,87.0245256,0.00995040896,11.8973572,0.292872512,1565.9757,0.0339526333,967.985939,0.0421515037,2396.15378,20.6957005,5742.33345,20.6957005,20.6957005,-7.49440756,1.32635472,-0.195217722,11.9532094,0.484145113,4.73683379,9.29937395,1.6977935,15.9588667,15.9588667,20.6957005,20.6957005,7.0446976,13.6510029,11.9532094,1.6977935,11.9532094,11.9532094,9.29937395,2.65383546,4.73683379,4.73683379,15.9588667,15.9588667,20.6957005,20.6957005,20.6957005,20.6957005,20.6957005,0.0,0.118693635,0.280104,8.95879355,0.0604764
0,0.0324703614,1.23769462,0.0118897974,85.1845252,0.00973921508,11.6458122,0.286082665,1532.86284,0.0332348901,947.519358,0.0412602747,2345.49078,20.2581216,5620.9206,20.2581216,20.2581216,-7.33595327,1.29831116,-0.189231005,11.7004802,0.47390864,4.63668069,9.10996147,1.66189656,15.6214409,15.6214409,20.2581216,20.2581216,6.89574487,13.3623767,11.7004802,1.66189656,11.7004802,11.7004802,9.10996147,2.5905187,4.63668069,4.63668069,15.6214409,15.6214409,20.2581216,20.2581216,20.2581216,20.2581216,20.2581216,0.0,0.116183982,0.280104,8.76938107,0.0604764
0,0.031796048,1.21199136,0.0116406712,83.4154943,0.00953619961,11.4039681,0.279581645,1501.02763,0.0325448066,927.842181,0.0404034207,2296.78187,19.8374203,5504.19069,19.8374203,19.8374203,-7.18360999,1.27134923,-0.183489062,11.4574982,0.464066985,4.54039053,8.92785335,1.62738413,15.2970297,15.2970297,19.8374203,19.8374203,6.7525379,13.0848824,11.4574982,1.62738413,11.4574982,11.4574982,8.92785335,2.52964489,4.54039053,4.54039053,15.2970297,15.2970297,19.8374203,19.8374203,19.8374203,19.8374203,19.8374203,0.0,0.113771139,0.280104,8.58727295,0.0604764
0,0.0311532201,1.18748826,0.0114032656,81.7290646,0.00934269492,11.1734187,0.2734084,1470.67798,0.0318869905,909.083788,0.0395865757,2250.34731,19.4363627,5392.91123,19.4363627,19.4363627,-7.03838125,1.24564629,-0.17802864,11.2258629,0.454684878,4.44859644,8.75425095,1.59448329,14.9877663,14.9877663,19.4363627,19.4363627,6.61601653,12.8203462,11.2258629,1.59448329,11.2258629,11.2258629,8.75425095,2.47161194,4.44859644,4.44859644,14.9877663,14.9877663,19.4363627,19.4363627,19.4363627,19.4363627,19.4363627,0.0,0.111470938,0.280104,8.41367055,0.0604764
0,0.0305475577,1.16440181,0.0111796644,80.1401365,0.00916040617,10.9562012,0.267613516,1442.08187,0.0312672624,891.409919,0.0388169569,2206.59739,19.0584924,5288.06544,19.0584924,19.0584924,-6.90155043,1.22142945,-0.17289653,11.0076209,0.445845215,4.36210946,8.59068859,1.56348475,14.696383,14.696383,19.0584924,19.0584924,6.48738677,12.5711057,11.0076209,1.56348475,11.0076209,11.0076209,8.59068859,2.41693233,4.36210946,4.36210946,14.696383,14.696383,19.0584924,19.0584924,19.0584924,19.0584924,19.0584924,0.0,0.1093037,0.280104,8.25010819,0.0604764
0,0.209606001,7.98969302,0.0808223664,549.891868,0.0642234553,75.1733261,3.42033955,9896.76187,0.214459141,6116.52397,0.26634755,15140.8522,130.772301,36284.7421,130.772301,130.772301,-47.3536476,8.38087526,-1.78398749,75.528241,3.0592024,29.9311759,56.9449652,10.7278539,100.841125,100.841125,130.772301,130.772301,44.5162062,86.2560949,75.528241,10.7278539,75.528241,75.528241,56.9449652,18.5832758,29.9311759,29.9311759,100.841125,100.841125,130.772301,130.772301,130.772301,130.772301,130.772301,0.0,0.75003792,0.280104,56.6043848,0.0604764
0,0.232830879,8.87488923,0.0904145506,610.840886,0.0715456899,83.5080915,3.84705444,10991.058,0.238334483,6794.25036,0.295859534,16818.4971,145.262204,40305.1837,145.262204,145.262204,-52.6035007,9.30965653,-1.99527124,83.8995641,3.39819885,33.2476262,63.2232159,11.9167893,112.014577,112.014577,145.262204,145.262204,49.4458503,95.8163534,83.8995641,11.9167893,83.8995641,83.8995641,63.2232159,20.6763482,33.2476262,33.2476262,112.014577,112.014577,145.262204,145.262204,145.262204,145.262204,145.262204,0.0,0.833095757,0.280104,62.8826355,0.0604764
0,0.251742805,9.5957612,0.0983268996,660.457062,0.0775296892,90.277317,4.23254277,11889.7049,0.257403834,7346.12031,0.319891028,18184.5968,157.061275,43579.0136,157.061275,157.061275,-56.8686935,10.0654341,-2.16690129,90.707701,3.67414629,35.9481987,68.314619,12.8840693,121.113076,121.113076,157.061275,157.061275,53.4695047,103.59177,90.707701,12.8840693,90.707701,90.707701,68.314619,22.3930819,35.9481987,35.9481987,121.113076,121.113076,157.061275,157.061275,157.061275,157.061275,157.061275,0.0,0.900888909,0.280104,67.9740386,0.0604764
0,0.266245369,10.14856,0.104457893,698.505102,0.0821465501,95.4850419,4.55377392,12571.6845,0.272378578,7769.32038,0.338319519,19232.1868,166.109363,46089.5417,166.109363,166.109363,-60.1486482,10.6454965,-2.29898533,95.9366259,3.88584662,38.0191259,72.2387392,13.626643,128.090237,128.090237,166.109363,166.109363,56.546094,109.563269,95.9366259,13.626643,95.9366259,95.9366259,72.2387392,23.6978867,38.0191259,38.0191259,128.090237,128.090237,166.109363,166.109363,166.109363,166.109363,166.109363,0.0,0.952725277,0.280104,71.8981588,0.0604764
0,0.26868986,10.2417375,0.105496819,704.91832,0.0829299562,96.3694425,4.61011493,12683.8152,0.275041511,7840.65321,0.341425748,19408.7642,167.634471,46512.7058,167.634471,167.634471,-60.7051348,10.7434652,-2.32142628,96.8211971,3.92156575,38.3681927,72.9079827,13.7521307,129.266278,129.266278,167.634471,167.634471,57.0611431,110.573328,96.8211971,13.7521307,96.8211971,96.8211971,72.9079827,23.9132145,38.3681927,38.3681927,129.266278,129.266278,167.634471,167.634471,167.634471,167.634471,167.634471,0.0,0.96140315,0.280104,72.5674023,0.0604764
0,0.264749341,10.0915355,0.103822945,694.580216,0.0816736127,94.9554116,4.51914414,12498.0972,0.270993171,7725.66473,0.336418508,19124.1216,165.175999,45830.5655,165.175998,165.175998,-59.8144647,10.5858841,-2.2855604,95.4009067,3.86404951,37.8054972,71.8428989,13.550412,127.370501,127.370501,165.175999,165.175999,56.2246799,108.951319,95.4009067,13.550412,95.4009067,95.4009067,71.8428989,23.5580078,37.8054972,37.8054972,127.370501,127.370501,165.175998,165.175998,165.175998,165.175999,165.175999,0.0,0.947309877,0.280104,71.5023185,0.0604764
0,0.259960356,9.9089922,0.101794103,682.016126,0.0801487974,93.237635,4.41111677,12272.0901,0.266087855,7585.91708,0.330333117,18778.19,162.18817,45001.5477,162.18817,162.18817,-58.7324119,10.3943942,-2.24199286,93.6751492,3.79415284,37.1216429,70.5493313,13.3052945,125.066527,125.066527,162.18817,162.18817,55.2077263,106.980444,93.6751492,13.3052945,93.6751492,93.6751492,70.5493313,23.1258179,37.1216429,37.1216429,125.066527,125.066527,162.18817,162.18817,162.18817,162.18817,162.18817,0.0,0.930175582,0.280104,70.2087509,0.0604764
0,0.25473223,9.70971005,0.0995861569,668.299934,0.0784862101,91.3623112,4.29626634,12025.368,0.26073232,7433.35486,0.323689707,18400.5373,158.926364,44096.5106,158.926364,158.926364,-57.5511208,10.1853441,-2.19443193,91.791129,3.71784663,36.3750805,69.137111,13.0376988,122.551284,122.551284,158.926364,158.926364,54.0975364,104.828828,91.791129,13.0376988,91.791129,91.791129,69.137111,22.6540181,36.3750805,36.3750805,122.551284,122.551284,158.926364,158.926364,158.926364,158.926364,158.926364,0.0,0.911470384,0.280104,68.7965306,0.0604764
0,0.249351771,9.50462138,0.0973213959,654.184091,0.0767774831,89.4324495,4.18127897,11771.4129,0.255222913,7276.34741,0.316852727,18011.8808,155.569519,43165.1034,155.569519,155.569519,-56.3354671,9.97020594,-2.14549081,89.8522641,3.63931764,35.6067654,67.6838649,12.7623111,119.962753,119.962753,155.569519,155.569519,52.9549436,102.614575,89.8522641,12.7623111,89.8522641,89.8522641,67.6838649,22.1683992,35.6067654,35.6067654,119.962753,119.962753,155.569519,155.569519,155.569519,155.569519,155.569519,0.0,0.892219238,0.280104,67.3432845,0.0604764
0,0.243975406,9.29968873,0.0950659305,640.078986,0.0750723607,87.504117,4.06949002,11517.625,0.249718982,7119.4594,0.310020949,17623.52,152.215227,42234.4046,152.215227,152.215227,-55.1207718,9.75523328,-2.09659162,87.9149037,3.56084872,34.8390348,66.2317966,12.4871359,117.376192,117.376192,152.215227,152.215227,51.8131873,100.40204,87.9149037,12.4871359,87.9149037,87.9149037,66.2317966,21.6831071,34.8390348,34.8390348,117.376192,117.376192,152.215227,152.215227,152.215227,152.215227,152.215227,0.0,0.872982188,0.280104,65.8912162,0.0604764
0,0.238707352,9.09888466,0.092863203,626.258043,0.0734038104,85.614676,3.96284023,11268.9314,0.244326842,6965.73205,0.303326803,17242.9831,148.928511,41322.4558,148.928511,148.928511,-53.9305716,9.54459273,-2.04868186,86.0165944,3.48396087,34.0867709,64.8090328,12.2175066,114.84174,114.84174,148.928511,148.928511,50.6944097,98.234101,86.0165944,12.2175066,86.0165944,86.0165944,64.8090328,21.2075616,34.0867709,34.0867709,114.84174,114.84174,148.928511,148.928511,148.928511,148.928511,148.928511,0.0,0.854132298,0.280104,64.4684524,0.0604764
0,0.233654575,8.90628632,0.0907572379,613.001884,0.0718055082,83.8024922,3.86312207,11030.3807,0.239156023,6818.28668,0.29690621,16877.9966,145.776104,40447.7732,145.776104,145.776104,-52.7890336,9.34256126,-2.00273427,84.1958809,3.41021524,33.3652478,63.4444642,11.9588977,112.410856,112.410856,145.776104,145.776104,49.6213256,96.1547786,84.1958809,11.9588977,84.1958809,84.1958809,63.4444642,20.7514167,33.3652478,33.3652478,112.410856,112.410856,145.776104,145.776104,145.776104,145.776104,145.776104,0.0,0.83605228,0.280104,63.1038838,0.0604764
0,0.228805186,8.72144062,0.0887422245,600.279325,0.0702734143,82.0632519,3.76969639,10801.4333,0.234193298,6676.77641,0.290744064,16527.7019,142.750591,39608.299,142.750591,142.750591,-51.6934446,9.14866208,-1.95863923,82.4484553,3.33943808,32.6727681,62.1348209,11.7106985,110.077823,110.077823,142.750591,142.750591,48.5914374,94.1591538,82.4484553,11.7106985,82.4484553,82.4484553,62.1348209,20.3136344,32.6727681,32.6727681,110.077823,110.077823,142.750591,142.750591,142.750591,142.750591,142.750591,0.0,0.818700055,0.280104,61.7942405,0.0604764
0,0.224198192,8.54583436,0.0868335083,588.192696,0.0688196074,80.4109654,3.68293058,10583.9218,0.229479025,6542.33948,0.28488993,16194.9165,139.876307,38810.7857,139.876307,139.876307,-50.6526284,8.96445541,-1.91675172,80.788383,3.27219878,32.0149017,60.8906615,11.4749063,107.861405,107.861405,139.876307,139.876307,47.6130177,92.2632893,80.788383,11.4749063,80.788383,80.788383,60.8906615,19.8977215,32.0149017,32.0149017,107.861405,107.861405,139.876307,139.876307,139.876307,139.876307,139.876307,0.0,0.802215006,0.280104,60.5500811,0.0604764
0,0.219818378,8.37888759,0.0850239286,576.702084,0.0674390181,78.8401534,3.60217991,10377.1374,0.224997159,6414.53189,0.279324476,15878.5415,137.14376,38052.5993,137.14376,137.14376,-49.6631353,8.78933226,-1.87693252,79.2101708,3.20827517,31.389476,59.7078506,11.2507414,105.754284,105.754284,137.14376,137.14376,46.6828474,90.4609122,79.2101708,11.2507414,79.2101708,79.2101708,59.7078506,19.5023202,31.389476,31.389476,105.754284,105.754284,137.14376,137.14376,137.14376,137.14376,137.14376,0.0,0.786542894,0.280104,59.3672702,0.0604764
