,Country,HDPE[kg/hr],LDPE[kg/hr],PP[kg/hr],PS[kg/hr],HEATER_T,HDPDCOM_HD,LPDECOM_HD,PPDECOM_HD,PSDECOM_HD,HEATER_HX_AREAC,HEATER_HD,RPLUG_HD,RPYRO_HD,COOLER_HX_AREAC,COOLER_HX_DUTY,HPDCOUT,LIQ,LPDCOUT,PPDCOUT,PSDCOUT,RPLUGIN,RPLUGIN2,RPYROIN,RPYROOUT,S1,VAP,H2O_VAP,H2_VAP,CO_VAP,CO2_VAP,CH4_VAP,C2H6_VAP,C2H4_VAP,C4H10_VAP,C6H6_VAP,C7H8_VAP,C8H10_VAP,C9H18_VAP,C10H8_VAP,C10H14_VAP,C14H30_VAP,C16H34_VAP,C22H46_VAP,C_VAP,O2_VAP,C6H6O_VAP,N2_VAP,CL2_VAP,S_VAP,NRP_VAP,ASH_VAP,HDPE_VAP,PP_VAP,PS_VAP,LDPE_VAP,H2O_LIQ,H2_LIQ,CO_LIQ,CO2_LIQ,CH4_LIQ,C2H6_LIQ,C2H4_LIQ,C4H10_LIQ,C6H6_LIQ,C7H8_LIQ,C8H10_LIQ,C9H18_LIQ,C10H8_LIQ,C10H14_LIQ,C14H30_LIQ,C16H34_LIQ,C22H46_LIQ,C_LIQ,O2_LIQ,C6H6O_LIQ,N2_LIQ,CL2_LIQ,S_LIQ,NRP_LIQ,ASH_LIQ,HDPE_LIQ,PP_LIQ,PS_LIQ,LDPE_LIQ,pyro_EAC,pyro_TPC,pyro_REV_SMR,pyro_REV_NG
0,Brazil,10,20,8,8,500,2396.45547,4751.80836,1980.26732,746.788816,0.001077755,198.691094,-3248.45014,348.331436,0.28533334,-4410.25217,10,32.2367578,20,8,8,46,46,46.0000012,46.0000012,46.0000012,13.7632434,0,0.0,0.0,0.0,4.32880012,0.854749121,3.67646424,1.33210698,2.64557303,0.800359351,0.050917352,0.069267656,0.000817997,0.001865003,0.000316235,7.55e-06,7.37e-07,0,0.0,0.0,0.001998028,0,0,,,,,,,0,0.0,0.0,0.0,0.01066185,0.012483523,0.036028058,0.241060205,5.83321917,6.07076967,1.3351055,3.26349148,0.319423964,0.360548098,2.72457966,0.435513952,11.0220677,0,0.0,0,1.57e-06,0,0,,,,,,,75975.13531421898,320790.9109283185,215085.1517394901,242212.11879148512
1,Brazil,10,20,8,8,550,2396.45547,4751.80836,1980.26732,746.788816,0.004310229,770.455219,-3001.78882,-114.276651,0.287111653,-4403.84167,10,30.9733686,20,8,8,46,46,46.0283549,46.0283549,46.0283549,15.0549863,0,0.083768011,0.0,0.0,4.53871961,0.897286743,3.85761721,1.41689032,3.16384233,0.964563131,0.061574632,0.065195804,0.000938286,0.002271185,0.000312296,7.67e-06,8.19e-07,0,0.0,0.0,0.001998255,0,0,,,,,,,0,3.28e-05,0.0,0.0,0.009784429,0.011722532,0.033714548,0.232060013,6.68567848,7.01739074,1.54852037,2.78801334,0.371075768,0.418731629,2.27777852,0.364100746,9.21476325,0,0.0,0,1.34e-06,0,0,,,,,,,75993.22094393604,322239.9876570232,213240.64173784413,241683.0955138604
2,Brazil,10,20,8,8,600,2396.45547,4751.80836,1980.26732,746.788816,0.007868138,1361.5241,-2757.92976,-591.07063,0.288547593,-4401.44972,10,29.7850427,20,8,8,46,46,46.0012808,46.0012808,46.0012808,16.2162381,0,0.25023392,0.0,0.0,4.59406644,0.909717806,3.90855573,1.46409043,3.76810667,1.17487985,0.075777536,0.064548499,0.001103998,0.002824882,0.000324634,8.2e-06,9.57e-07,0,0.0,0.0,0.001998509,0,0,,,,,,,0,7.95e-05,0.0,0.0,0.008205349,0.010036847,0.028775374,0.204352109,7.14764649,7.67113814,1.7086138,2.34869761,0.411181397,0.463752415,1.87927352,0.300408929,7.60288014,0,0.0,0,1.09e-06,0,0,,,,,,,75998.90254080313,336280.3360445991,207415.84755996824,236205.13916453323
3,Brazil,10,20,8,8,650,2396.45547,4751.80836,1980.26732,746.788816,0.011793273,1972.12963,-2567.10193,-1082.2707,0.290634855,-4406.49121,10,28.9476864,20,8,8,46,46,46.0013256,46.0013256,46.0013256,17.0536392,0,0.395799233,0.0,0.0,4.59204323,0.910232717,3.90922607,1.48257652,4.25919924,1.34825562,0.087670732,0.061772449,0.001223926,0.003304479,0.000326769,8.5e-06,1.09e-06,0,0.0,0.0,0.001998667,0,0,,,,,,,0,0.000107554,0.0,0.0,0.007151117,0.008906913,0.025472215,0.184750358,7.57163907,8.2393383,1.846309,1.9936778,0.445624018,0.502386744,1.56028818,0.24942538,6.31260878,0,0.0,0,9.33e-07,0,0,,,,,,,76008.55567091238,351934.5090095168,203600.16261662752,232376.77552282627
4,Brazil,10,20,8,8,700,2396.45547,4751.80836,1980.26732,746.788816,0.016135582,2602.46484,-2425.72503,-1586.74658,0.293065369,-4415.2698,10,28.3473849,20,8,8,46,46,46.0006276,46.0006276,46.0006276,17.6532426,0,0.524818294,0.0,0.0,4.55010263,0.902537726,3.8751343,1.48238473,4.6624643,1.4924996,0.097731022,0.058200622,0.001312475,0.003725005,0.00032327,8.66e-06,1.21e-06,0,0.0,0.0,0.001998775,0,0,,,,,,,0,0.000126122,0.0,0.0,0.006375716,0.008065198,0.023019639,0.169456497,7.94398807,8.72364424,1.96303785,1.70613939,0.474830226,0.535118664,1.30499888,0.208621647,5.27996199,0,0.0,0,8.25e-07,0,0,,,,,,,76017.89517182412,369061.4829080357,201066.59908859356,229580.3859823173
5,Brazil,10,20,8,8,750,2396.45547,4751.80836,1980.26732,746.788816,0.020955553,3252.68236,-2329.54404,-2103.43868,0.295705342,-4426.17003,10,27.9227582,20,8,8,46,46,46.000155,46.000155,46.000155,18.0773968,0,0.638400564,0.0,0.0,4.48333788,0.889730967,3.81940904,1.47032264,4.99494587,1.61279232,0.106261086,0.054398232,0.001378856,0.00409452,0.000315958,8.7e-06,1.32e-06,0,0.0,0.0,0.001998852,0,0,,,,,,,0,0.000139106,0.0,0.0,0.00578185,0.007410475,0.021118313,0.15709935,8.26870766,9.13594082,2.06194005,1.47291548,0.499586177,0.562840215,1.10051887,0.175938295,4.45282082,0,0.0,0,7.48e-07,0,0,,,,,,,76027.27754238459,387545.5023173289,199455.5467181231,227550.9439603781
6,Brazil,10,20,8,8,800,2396.45547,4751.80836,1980.26732,746.788816,0.026327558,3922.89608,-2274.10687,-2631.35663,0.298441098,-4438.09576,10,27.6265767,20,8,8,46,46,46.0004948,46.0004948,46.0004948,18.3739181,0,0.738151342,0.0,0.0,4.40224015,0.873955087,3.75114728,1.45096931,5.27127562,1.71382472,0.113540109,0.05064923,0.001429927,0.004420445,0.000305926,8.64e-06,1.42e-06,0,0.0,0.0,0.001998909,0,0,,,,,,,0,0.000148634,0.0,0.0,0.005313589,0.006885558,0.019598825,0.146882895,8.55097261,9.48758802,2.14597416,1.28291633,0.520633095,0.586390572,0.936061593,0.149651463,3.78755864,0,0.0,0,6.91e-07,0,0,,,,,,,76036.9106988377,407276.8160317261,198497.31607723245,226084.50425722622
7,Brazil,10,20,8,8,850,2396.45547,4751.80836,1980.26732,746.788816,0.032344658,4613.18452,-2255.35624,-3169.57377,0.301195847,-4450.32317,10,27.4234302,20,8,8,46,46,46.0015084,46.0015084,46.0015084,18.5780782,0,0.825844082,0.0,0.0,4.31382362,0.856640381,3.67642504,1.42736843,5.50317129,1.7994345,0.119798304,0.047090264,0.001470409,0.004708933,0.000293967,8.49e-06,1.5e-06,0,0.0,0.0,0.001998953,0,0,,,,,,,0,0.000155944,0.0,0.0,0.004935771,0.006454895,0.018355801,0.138293533,8.79613668,9.78858271,2.21770062,1.12716316,0.538611045,0.606493278,0.802977156,0.128378745,3.24919025,0,0.0,0,6.47e-07,0,0,,,,,,,76046.86418104876,428159.2440636763,197994.04697184666,225027.16191452916
8,Brazil,10,20,8,8,900,2396.45547,4751.80836,1980.26732,746.788816,0.039125678,5323.59509,-2269.57943,-3717.40935,0.303943638,-4462.65177,10,27.2936179,20,8,8,46,46,46.007612,46.007612,46.007612,18.7139941,0,0.902543605,0.0,0.0,4.2231772,0.838819314,3.59963688,1.40163274,5.69849707,1.87199812,0.125168955,0.043764974,0.001502786,0.004962985,0.000280632,8.27e-06,1.56e-06,0,0.0,0.0,0.001998986,0,0,,,,,,,0,0.000161752,0.0,0.0,0.004628063,0.006098964,0.017330977,0.131055998,9.01230604,10.0494907,2.27959682,0.998697004,0.554120742,0.623827962,0.694579131,0.111051522,2.81067164,0,0.0,0,6.14e-07,0,0,,,,,,,76057.98755770114,450115.22854641394,197849.07365744462,224314.14147839462
9,Brazil,10,20,8,8,950,2396.45547,4751.80836,1980.26732,746.788816,0.046825988,6054.14872,-2314.9207,-4273.36319,0.306559739,-4473.86445,10,27.1954018,20,8,8,46,46,46.0005162,46.0005162,46.0005162,18.8051145,0,0.97209714,0.0,0.0,4.13135138,0.820726983,3.52174716,1.37467728,5.86864493,1.93614364,0.129973744,0.040751145,0.00153149,0.005194131,0.000266824,8e-06,1.59e-06,0,0.0,0.0,0.001999013,0,0,,,,,,,0,0.000166627,0.0,0.0,0.004363538,0.005787227,0.016435661,0.124626321,9.19306559,10.269717,2.33215465,0.891449571,0.567345727,0.63859582,0.605324452,0.096783959,2.44958501,0,0.0,0,5.87e-07,0,0,,,,,,,76067.28029289788,473066.5174186565,197796.587755252,223686.2175969445
10,Brazil,10,20,8,8,1000,2396.45547,4751.80836,1980.26732,746.788816,0.05565458,6804.8442,-2387.99562,-4837.47169,0.309129725,-4484.8841,10,27.1413419,20,8,8,46,46,46.0001571,46.0001571,46.0001571,18.8588152,0,1.03315719,0.0,0.0,4.04229765,0.803148524,3.44612491,1.34779909,6.01391955,1.99105235,0.134122128,0.037980228,0.001555178,0.005397473,0.000252591,7.7e-06,1.61e-06,0,0.0,0.0,0.001999035,0,0,,,,,,,0,0.000170738,0.0,0.0,0.004143122,0.005524428,0.015682174,0.11914033,9.35501657,10.4637809,2.37822824,0.801688183,0.578925877,0.65152437,0.531523555,0.084986357,2.15100647,0,0.0,0,5.66e-07,0,0,,,,,,,76078.27952834933,496972.2005563548,197954.76074764767,223286.3242585789
11,Brazil,10,20,8,8,1050,2396.45547,4751.80836,1980.26732,746.788816,0.065902508,7575.66236,-2487.24022,-5409.02944,0.311614723,-4495.34993,10,27.1142124,20,8,8,46,46,46.0005904,46.0009778,46.0009778,18.8867655,0,1.08758105,0.000150627,0.000235418,3.9564872,0.786189176,3.37320209,1.32141124,6.13997352,2.03890965,0.13776434,0.035460633,0.00157558,0.005578487,0.000238417,7.37e-06,1.6e-06,0,0.0,0.0,0.001999052,0,0,,,,,,,0,0.000174315,4.56e-08,1.32e-06,0.003954725,0.005297084,0.01503135,0.114351377,9.49805975,10.6339973,2.41857517,0.725862662,0.58906921,0.662845505,0.469952264,0.075143452,1.90189632,0,0.0,0,5.48e-07,0,0,,,,,,,76090.16359119824,521786.8788971103,198220.67682836103,223014.49842806102
12,Brazil,10,20,8,8,1100,2396.45547,4751.80836,1980.26732,746.788816,0.077993182,8366.56974,-2611.10567,-5986.98127,0.314012799,-4505.24137,10,27.1080168,20,8,8,46,46,46.0023377,46.0023377,46.0023377,18.8943209,0,1.13621562,0.0,0.0,3.8745741,0.769984439,3.30355074,1.29585443,6.24975819,2.08068421,0.140961912,0.03317252,0.001593191,0.005739286,0.000224553,7.02e-06,1.59e-06,0,0.0,0.0,0.001999066,0,0,,,,,,,0,0.000177493,0.0,0.0,0.00379248,0.00509923,0.014465677,0.110153748,9.62571934,10.7846452,2.45419246,0.661345682,0.598019811,0.6728339,0.418199307,0.066869878,1.69250212,0,0.0,0,5.34e-07,0,0,,,,,,,76103.27324246813,547465.185846028,198567.77617273113,222848.27909214364
13,Brazil,10,20,8,8,1150,2396.45547,4751.80836,1980.26732,746.788816,0.092578551,9177.52176,-2758.70919,-6571.06257,0.316307116,-4514.42323,10,27.1131242,20,8,8,46,46,46.002053,46.002053,46.002053,18.8889288,0,1.18024612,0.0,0.0,3.79651934,0.754532576,3.23715323,1.27125268,6.34681136,2.11778155,0.143815155,0.031105344,0.001608975,0.00588387,0.000211246,6.68e-06,1.56e-06,0,0.0,0.0,0.001999078,0,0,,,,,,,0,0.000180358,0.0,0.0,0.003649884,0.00492351,0.013963858,0.106406939,9.73820117,10.9173529,2.48559177,0.605999019,0.605918115,0.681645572,0.374350175,0.059859668,1.51508077,0,0.0,0,5.22e-07,0,0,,,,,,,76117.43407234893,573984.4161287802,198939.40950179365,222730.77251082115
14,Brazil,10,20,8,8,1200,2396.45547,4751.80836,1980.26732,746.788816,0.110743155,10008.4655,-2928.96167,-7160.70592,0.318511822,-4523.01382,10,27.128342,20,8,8,46,46,46.0016802,46.0016802,46.0016802,18.8733382,0,1.22007226,0.0,0.0,3.722593,0.739889548,3.17424578,1.24774914,6.43269211,2.15066713,0.146353512,0.029233843,0.001623012,0.006013391,0.000198587,6.33e-06,1.52e-06,0,0.0,0.0,0.001999088,0,0,,,,,,,0,0.000182969,0.0,0.0,0.003524324,0.004767416,0.013518503,0.103064741,9.83884127,11.035622,2.51354386,0.558228852,0.612948926,0.689488601,0.336956144,0.053881279,1.3637726,0,0.0,0,5.12e-07,0,0,,,,,,,76133.5982094726,601317.529029447,199337.31655466245,222665.41091328746
15,China,13,40,14,15,500,3115.39211,9503.61672,3465.46782,1400.22903,0.001918258,353.404461,-5762.88997,619.986013,0.51557043,-7842.80445,13,57.5826294,40,14,15,82,82,82.0002269,82.0002269,82.0002269,24.4175974,0,0.0,0.0,0.0,7.6796148,1.51638922,6.52232333,2.36326574,4.69352273,1.41992776,0.090333295,0.122888817,0.001451224,0.003308733,0.000561037,1.34e-05,1.31e-06,0,0.0,0.0,0.003996056,0,0,,,,,,,0,0.0,0.0,0.0,0.018914474,0.022146185,0.063914967,0.4276502,10.3484872,10.7699677,2.36857465,5.78967452,0.566681905,0.639639144,4.83360756,0.772634241,19.5539703,0,0.0,0,3.14e-06,0,0,,,,,,,115212.99774985654,276002.8567390855,445110.4069880296,493235.6730840796
16,China,13,40,14,15,550,3115.39211,9503.61672,3465.46782,1400.22903,0.007687205,1370.44101,-5353.91362,-203.098027,0.519339537,-7830.65355,13,55.4380427,40,14,15,82,82,82.0090171,82.0090171,82.0090171,26.5709744,0,0.095260556,0.0,0.0,8.09134063,1.59900852,6.87550576,2.51344547,5.50234853,1.66561063,0.106027689,0.112356952,0.001611942,0.003907653,0.000539007,1.33e-05,1.42e-06,0,0.0,0.0,0.003996417,0,0,,,,,,,0,3.87e-05,0.0,0.0,0.018062311,0.021639159,0.062242779,0.426422805,12.0580917,12.5651958,2.76456647,4.97455129,0.661641699,0.746686704,4.06100655,0.649145647,16.4287484,0,0.0,0,2.78e-06,0,0,,,,,,,115233.31313615778,277446.8827947842,454518.76317306375,505224.16064853745
17,China,13,40,14,15,600,3115.39211,9503.61672,3465.46782,1400.22903,0.014063073,2421.90285,-4919.95026,-1050.75206,0.522224161,-7828.53752,13,53.3748063,40,14,15,82,82,82.002495,82.002495,82.002495,28.6276887,0,0.385893189,0.0,0.0,8.19494306,1.62224856,6.97078137,2.60075285,6.56698721,2.03258627,0.130705865,0.111448337,0.001899428,0.00486834,0.000561442,1.42e-05,1.66e-06,0,0.0,0.0,0.003996944,0,0,,,,,,,0,0.000126808,0.0,0.0,0.015139348,0.0185197,0.053100368,0.375614332,12.9058377,13.7479977,3.05250464,4.19358845,0.733584529,0.827468,3.35249037,0.53590578,13.5629262,0,0.0,0,2.26e-06,0,0,,,,,,,115246.9173541738,289224.3352123671,449616.76924406836,500971.4042974409
18,China,13,40,14,15,650,3115.39211,9503.61672,3465.46782,1400.22903,0.021127431,3508.20137,-4579.51686,-1924.07069,0.526129764,-7837.68099,13,51.8837076,40,14,15,82,82,82.0050784,82.0050784,82.0050784,30.1213708,0,0.645206408,0.0,0.0,8.19172686,1.62334298,6.97256806,2.63568207,7.44213538,2.33960839,0.151697756,0.106996347,0.002112564,0.005713113,0.000566933,1.48e-05,1.89e-06,0,0.0,0.0,0.003997277,0,0,,,,,,,0,0.000180712,0.0,0.0,0.013154379,0.016385839,0.046863985,0.338799551,13.6638706,14.7644893,3.29848783,3.55989049,0.795056253,0.896431072,2.78354249,0.444970862,11.2615823,0,0.0,0,1.92e-06,0,0,,,,,,,115261.02722562094,302332.21849992493,447302.6849977271,498637.16533177457
19,China,13,40,14,15,700,3115.39211,9503.61672,3465.46782,1400.22903,0.02897816,4629.679,-4327.25275,-2821.06898,0.53067658,-7853.4502,13,50.8145853,40,14,15,82,82,82.0056331,82.0056331,82.0056331,31.1910478,0,0.875118877,0.0,0.0,8.11717839,1.60973358,6.91214886,2.63668361,8.16101764,2.5953523,0.169479226,0.101033254,0.00227063,0.006454651,0.000562075,1.51e-05,2.12e-06,0,0.0,0.0,0.003997503,0,0,,,,,,,0,0.000216316,0.0,0.0,0.011703954,0.014807014,0.04226468,0.310246449,14.3292392,15.6305285,3.50698897,3.04659771,0.84718101,0.954857234,2.32816844,0.372187118,9.41959705,0,0.0,0,1.7e-06,0,0,,,,,,,115274.62039851997,316676.71293745504,446667.0395525572,497534.35258079093
20,China,13,40,14,15,750,3115.39211,9503.61672,3465.46782,1400.22903,0.037734226,5786.60654,-4155.63454,-3739.81036,0.535586245,-7872.8734,13,50.055692,40,14,15,82,82,82.0041469,82.0041469,82.0041469,31.9484549,0,1.07783954,0.0,0.0,7.99804376,1.58692767,6.81283387,2.6161029,8.75439132,2.80907056,0.184589398,0.094593263,0.00238986,0.007107404,0.000550243,1.52e-05,2.32e-06,0,0.0,0.0,0.003997664,0,0,,,,,,,0,0.00024119,0.0,0.0,0.010596558,0.013582799,0.038710326,0.287236318,14.9081164,16.3667908,3.68350593,2.63015165,0.891337419,1.00431057,1.96335153,0.313876262,7.94388269,0,0.0,0,1.54e-06,0,0,,,,,,,115287.95608556025,332159.98108280357,447112.87843946833,497233.6194169783
21,China,13,40,14,15,800,3115.39211,9503.61672,3465.46782,1400.22903,0.047542393,6979.18601,-4056.84726,-4678.45011,0.540651057,-7893.92035,13,49.5210297,40,14,15,82,82,82.0002363,82.0002363,82.0002363,32.4792066,0,1.25640493,0.0,0.0,7.85290274,1.55872847,6.69075636,2.58219719,9.2486066,2.98916473,0.197528235,0.088201312,0.002482399,0.007684805,0.00053347,1.51e-05,2.49e-06,0,0.0,0.0,0.003997783,0,0,,,,,,,0,0.000259443,0.0,0.0,0.009723659,0.012601417,0.035870154,0.268208199,15.4088747,16.9930133,3.83321479,2.29074366,0.928824793,1.0462618,1.6698507,0.266963282,6.75661841,0,0.0,0,1.42e-06,0,0,,,,,,,115301.13626699774,348689.5776967737,448214.0150744367,497425.2117074892
22,China,13,40,14,15,850,3115.39211,9503.61672,3465.46782,1400.22903,0.058586842,8207.55669,-4023.44429,-5635.50439,0.545767524,-7915.68838,13,49.1571042,40,14,15,82,82,82.0010728,82.0010728,82.0010728,32.8439686,0,1.41296804,0.0,0.0,7.69509726,1.52785091,6.55745905,2.54062114,9.66255744,3.14142722,0.208626239,0.082082743,0.002555518,0.008194698,0.000513042,1.48e-05,2.63e-06,0,0.0,0.0,0.003997873,0,0,,,,,,,0,0.000273373,0.0,0.0,0.009023835,0.011802017,0.033563159,0.252321982,15.8456013,17.5301314,3.96117651,2.01263701,0.96088156,1.08211282,1.43242115,0.229011777,5.79614494,0,0.0,0,1.33e-06,0,0,,,,,,,115315.3671001265,366187.66902755864,449775.7819380052,497998.0708049527
23,China,13,40,14,15,900,3115.39211,9503.61672,3465.46782,1400.22903,0.071103357,9471.80274,-4049.42489,-6609.29875,0.550815688,-7937.09834,13,48.9110284,40,14,15,82,82,82.0008219,82.0008219,82.0008219,33.0897935,0,1.55124799,0.0,0.0,7.53224099,1.49585712,6.41956224,2.4949003,10.0137646,3.27182174,0.218252951,0.076376792,0.002615439,0.008647859,0.000490269,1.45e-05,2.73e-06,0,0.0,0.0,0.003997943,0,0,,,,,,,0,0.000284479,0.0,0.0,0.008448599,0.011134344,0.031641208,0.238794672,16.2243407,17.9912783,4.07087371,1.7829525,0.988391547,1.11286012,1.23885768,0.198071158,5.01309811,0,0.0,0,1.26e-06,0,0,,,,,,,115329.92485157383,384584.35995907924,451544.2991936098,498746.0288875685
24,China,13,40,14,15,950,3115.39211,9503.61672,3465.46782,1400.22903,0.085400913,10771.9612,-4129.53533,-7598.53598,0.555754134,-7957.86097,13,48.7540777,40,14,15,82,82,82.0024049,82.0024049,82.0024049,33.2483272,0,1.67346301,0.0,0.0,7.36994471,1.46389054,6.28192422,2.44748409,10.313703,3.38398415,0.226623501,0.071113749,0.002665326,0.009050076,0.000466078,1.4e-05,2.79e-06,0,0.0,0.0,0.003997999,0,0,,,,,,,0,0.000293621,0.0,0.0,0.007969918,0.010570686,0.030022149,0.227200751,16.5556574,18.3906787,4.16569401,1.59188707,1.01218401,1.13943994,1.07987936,0.172658172,4.36994079,0,0.0,0,1.2e-06,0,0,,,,,,,115345.41716139945,403824.989453837,453438.6461108963,499623.3258792
25,China,13,40,14,15,1000,3115.39211,9503.61672,3465.46782,1400.22903,0.101895894,12108.0301,-4259.91501,-8601.73472,0.56053035,-7977.50002,13,48.6570016,40,14,15,82,82,82.001277,82.001277,82.001277,33.3442754,0,1.78245295,0.0,0.0,7.21104062,1.43253756,6.14702139,2.39981911,10.5729188,3.4816251,0.233977397,0.066309439,0.002708141,0.009409198,0.000441368,1.35e-05,2.81e-06,0,0.0,0.0,0.003998043,0,0,,,,,,,0,0.000301391,0.0,0.0,0.007563821,0.010085843,0.028632084,0.217111672,16.8443293,18.7370406,4.24790299,1.43160798,1.03283479,1.16249945,0.948214962,0.151610768,3.83726488,0,0.0,0,1.16e-06,0,0,,,,,,,115361.38469859015,423862.6419475914,455329.6575468375,500518.544972145
26,China,13,40,14,15,1050,3115.39211,9503.61672,3465.46782,1400.22903,0.121169026,13479.9752,-4437.04429,-9617.85988,0.565148818,-7996.09307,13,48.6072883,40,14,15,82,82,82.0008689,82.0008689,82.0008689,33.3935806,0,1.87969064,0.0,0.0,7.05785361,1.40227338,6.01687034,2.35296347,10.7978838,3.56676859,0.240437169,0.061935019,0.002745048,0.00972899,0.000416714,1.29e-05,2.81e-06,0,0.0,0.0,0.003998079,0,0,,,,,,,0,0.000308133,0.0,0.0,0.007216815,0.00966657,0.027431853,0.208307261,17.098954,19.0405518,4.31984145,1.29619692,1.05091187,1.18267899,0.83836096,0.134049382,3.39281118,0,0.0,0,1.12e-06,0,0,,,,,,,115378.62696203557,444661.13171483786,457213.5021982029,501442.4240769691
27,China,13,40,14,15,1100,3115.39211,9503.61672,3465.46782,1400.22903,0.144066053,14887.7373,-4658.33745,-10645.7916,0.569586526,-8013.568,13,48.5914789,40,14,15,82,82,82.0003277,82.0003277,82.0003277,33.4088488,0,1.96690763,0.0,0.0,6.91138281,1.37330796,5.89235273,2.3075042,10.9945885,3.64150197,0.24614059,0.057964868,0.002777306,0.01001442,0.000392614,1.23e-05,2.78e-06,0,0.0,0.0,0.003998108,0,0,,,,,,,0,0.0003141,0.0,0.0,0.006916816,0.009300138,0.026384251,0.20055832,17.324372,19.3079025,4.38314216,1.18092911,1.06682308,1.20043656,0.745999344,0.119283925,3.01911558,0,0.0,0,1.09e-06,0,0,,,,,,,115397.41143375177,466189.6188815239,459051.67077229504,502362.7150740113
28,China,13,40,14,15,1150,3115.39211,9503.61672,3465.46782,1400.22903,0.171890156,16331.2372,-4921.66174,-11684.5627,0.573856998,-8029.96426,13,48.600957,40,14,15,82,82,82.0000244,82.0000244,82.0000244,33.3990674,0,2.0454244,0.0,0.0,6.77217406,1.34575773,5.77395458,2.26380304,11.1675543,3.70738459,0.251191819,0.054365777,0.002805715,0.01026945,0.000369401,1.17e-05,2.73e-06,0,0.0,0.0,0.003998133,0,0,,,,,,,0,0.000319459,0.0,0.0,0.006655211,0.008977502,0.025462864,0.193697871,17.525261,19.5449881,4.43920474,1.08211564,1.08091508,1.21616138,0.667781876,0.106779281,2.70263597,0,0.0,0,1.07e-06,0,0,,,,,,,115418.39122173905,488422.9352210934,460832.06545696454,503270.74072571204
29,China,13,40,14,15,1200,3115.39211,9503.61672,3465.46782,1400.22903,0.206809971,17810.3811,-5224.80647,-12733.6553,0.577990232,-8045.60284,13,48.6354934,40,14,15,82,82,82.0050086,82.0050086,82.0050086,33.3695152,0,2.1157722,0.0,0.0,6.64083421,1.3197473,5.66220373,2.22215506,11.3193041,3.76508906,0.255630098,0.051094552,0.00283029,0.010495518,0.000347233,1.11e-05,2.67e-06,0,0.0,0.0,0.003998153,0,0,,,,,,,0,0.000324324,0.0,0.0,0.00642745,0.008694414,0.024655123,0.187649192,17.7085366,19.7587849,4.48953285,0.996918143,1.09354434,1.23025547,0.601124896,0.096122517,2.43292219,0,0.0,0,1.05e-06,0,0,,,,,,,115443.27314310728,511341.21393600036,462607.98295100796,504223.6006322492
30,Saudi_Arabia,6,20,10,6,500,1437.87328,4751.80836,2475.33415,560.091612,0.000990591,182.634573,-3002.88191,319.750014,0.262409353,-4056.84364,6,29.2343504,20,10,6,42,42,42.013586,42.013586,42.013586,12.7792356,0,0.011109139,0.0,0.0,4.00250169,0.790464217,3.39971604,1.23454737,2.47285545,0.750414554,0.047798259,0.065006434,0.000768611,0.001751397,0.000296616,7.08e-06,6.9e-07,0,0.0,0.0,0.001998052,0,0,,,,,,,0,5.02e-06,0.0,0.0,0.009708433,0.011367811,0.032806075,0.21998255,5.36652558,5.602542,1.23370045,3.01641933,0.295322942,0.333331044,2.5191067,0.402670439,10.1908605,0,0.0,0,1.55e-06,0,0,,,,,,,71042.72150047214,95349.10472071293,142135.7631165949,167217.94026969114
31,Saudi_Arabia,6,20,10,6,550,1437.87328,4751.80836,2475.33415,560.091612,0.003960291,708.098757,-2734.12253,-105.211235,0.263049751,-4047.70528,6,27.8271605,20,10,6,42,42,42.0106938,42.0106938,42.0106938,14.1835332,0,0.172977912,0.0,0.0,4.13396134,0.818235523,3.51612011,1.31050843,3.12145302,0.975366853,0.062890875,0.066402812,0.000966222,0.002326677,0.000316498,7.75e-06,8.2e-07,0,0.0,0.0,0.0019984,0,0,,,,,,,0,6.05e-05,0.0,0.0,0.007942641,0.009515558,0.027357568,0.191038874,5.84759903,6.29306388,1.40327445,2.53175215,0.337792737,0.381041837,2.07413113,0.331552272,8.39103669,0,0.0,0,1.2e-06,0,0,,,,,,,71054.35220532345,95516.74926944562,138591.22333639796,164497.20881867548
32,Saudi_Arabia,6,20,10,6,600,1437.87328,4751.80836,2475.33415,560.091612,0.007226827,1251.16924,-2512.37766,-544.184917,0.264326312,-4046.20148,6,26.764991,20,10,6,42,42,42.0006078,42.0006078,42.0006078,15.2356168,0,0.322427068,0.0,0.0,4.18576999,0.829585316,3.56305147,1.3494031,3.66866815,1.16960596,0.076142388,0.064667579,0.001118088,0.002846352,0.00032365,8.15e-06,9.43e-07,0,0.0,0.0,0.001998609,0,0,,,,,,,0,9.3e-05,0.0,0.0,0.006776733,0.008286614,0.023752036,0.170503503,6.27529152,6.88888023,1.54939047,2.13373519,0.374462899,0.422193108,1.71194008,0.273663833,6.92602073,0,0.0,0,9.91e-07,0,0,,,,,,,71062.31740515395,99327.94862605336,136190.7453344436,162421.39619802736
33,Saudi_Arabia,6,20,10,6,650,1437.87328,4751.80836,2475.33415,560.091612,0.010828165,1812.06086,-2338.55599,-996.342583,0.266167862,-4050.97545,6,26.00838,20,10,6,42,42,42.0054366,42.0054366,42.0054366,15.9970566,0,0.45435073,0.0,0.0,4.18433181,0.8299972,3.56364762,1.36373729,4.11561125,1.32999438,0.087245958,0.061285369,0.001227226,0.003296945,0.000322634,8.37e-06,1.06e-06,0,0.0,0.0,0.001998745,0,0,,,,,,,0,0.000113151,0.0,0.0,0.005963681,0.007424827,0.021229916,0.155353189,6.66338716,7.40519892,1.67479016,1.81142174,0.405892975,0.457434978,1.4215433,0.227249188,5.75137597,0,0.0,0,8.55e-07,0,0,,,,,,,71072.2679903681,103567.28213781679,134817.69343495002,161039.33176379127
34,Saudi_Arabia,6,20,10,6,700,1437.87328,4751.80836,2475.33415,560.091612,0.014809661,2390.95243,-2209.75606,-1460.55432,0.268314588,-4058.78846,6,25.4579646,20,10,6,42,42,42.0020159,42.0020159,42.0020159,16.5440513,0,0.572293524,0.0,0.0,4.14571223,0.822819949,3.53201651,1.36172986,4.48420393,1.46388826,0.096669571,0.057390434,0.00130768,0.003693569,0.000317277,8.47e-06,1.17e-06,0,0.0,0.0,0.001998839,0,0,,,,,,,0,0.000126747,0.0,0.0,0.005346782,0.006760747,0.019293472,0.143136377,7.00057089,7.84325923,1.78073938,1.54996484,0.432469528,0.487205695,1.18886192,0.190058646,4.81016957,0,0.0,0,7.61e-07,0,0,,,,,,,71080.61878371681,108198.58588078409,134039.0038506969,160018.62775402062
35,Saudi_Arabia,6,20,10,6,750,1437.87328,4751.80836,2475.33415,560.091612,0.019226225,2987.98536,-2122.13579,-1935.94525,0.270664859,-4068.66884,6,25.0708592,20,10,6,42,42,42.0011897,42.0011897,42.0011897,16.9303305,0,0.675826378,0.0,0.0,4.08477971,0.811069393,3.48099636,1.34943177,4.78744366,1.57504239,0.10462047,0.053395168,0.001367005,0.004040773,0.000308759,8.48e-06,1.28e-06,0,0.0,0.0,0.001998908,0,0,,,,,,,0,0.000136282,0.0,0.0,0.004869471,0.006238674,0.017776341,0.133171815,7.29592525,8.21719982,1.87064028,1.33800841,0.455018959,0.512444487,1.00256675,0.16028163,4.0565803,0,0.0,0,6.92e-07,0,0,,,,,,,71089.42118028399,113194.32627529645,133724.24987450198,159322.03252468072
36,Saudi_Arabia,6,20,10,6,800,1437.87328,4751.80836,2475.33415,560.091612,0.024145351,3603.26514,-2071.62627,-2421.60048,0.273110441,-4079.51263,6,24.8013053,20,10,6,42,42,42.0015134,42.0015134,42.0015134,17.2002081,0,0.766700425,0.0,0.0,4.01085363,0.796642539,3.41865139,1.33081517,5.03932558,1.66821775,0.111391686,0.049544334,0.001412158,0.004346701,0.00029803,8.39e-06,1.37e-06,0,0.0,0.0,0.001998959,0,0,,,,,,,0,0.000143314,0.0,0.0,0.004489396,0.005815593,0.016550981,0.124850515,7.55293563,8.53642572,1.94705737,1.16535252,0.474194547,0.533890388,0.852745861,0.136334051,3.45051875,0,0.0,0,6.41e-07,0,0,,,,,,,71098.52971539239,118524.44331149288,133711.07010810415,158845.58573720293
37,Saudi_Arabia,6,20,10,6,850,1437.87328,4751.80836,2475.33415,560.091612,0.02965147,4236.86451,-2054.64036,-2916.59463,0.27556634,-4090.51124,6,24.6133806,20,10,6,42,42,42.000078,42.000078,42.000078,17.3866973,0,0.846904384,0.0,0.0,3.9300158,0.780777302,3.35024402,1.30849007,5.25129244,1.74742586,0.117234449,0.045951934,0.001448066,0.004618552,0.000285795,8.23e-06,1.44e-06,0,0.0,0.0,0.001998998,0,0,,,,,,,0,0.000148759,0.0,0.0,0.004178849,0.005463492,0.015534377,0.11775723,7.77473097,8.80873419,2.01212144,1.02373988,0.490541734,0.552159044,0.7314579,0.116946738,2.95986542,0,0.0,0,6.02e-07,0,0,,,,,,,71107.52645102945,124162.51953536556,133873.7554592515,158501.69072192648
38,Saudi_Arabia,6,20,10,6,900,1437.87328,4751.80836,2475.33415,560.091612,0.035852371,4888.82741,-2067.80972,-3420.30515,0.278011316,-4101.53079,6,24.4904157,20,10,6,42,42,42.0019424,42.0019424,42.0019424,17.5115267,0,0.917258984,0.0,0.0,3.84702417,0.764434613,3.27987148,1.28434694,5.43030707,1.81476763,0.122265277,0.042633888,0.001476883,0.004858787,0.000272469,8.01e-06,1.49e-06,0,0.0,0.0,0.001999028,0,0,,,,,,,0,0.000153124,0.0,0.0,0.003923606,0.005169463,0.014687625,0.111721208,7.96920663,9.04406524,2.06814484,0.906905267,0.504619556,0.567883084,0.632648987,0.101152151,2.56013432,0,0.0,0,5.72e-07,0,0,,,,,,,71117.38182911243,130088.2159173,134179.20775039648,158287.06558972274
39,Saudi_Arabia,6,20,10,6,950,1437.87328,4751.80836,2475.33415,560.091612,0.042888969,5559.17321,-2108.82363,-3931.80089,0.280387956,-4112.01864,6,24.4079037,20,10,6,42,42,42.0009078,42.0009078,42.0009078,17.5930041,0,0.979912016,0.0,0.0,3.76392138,0.748036274,3.2093169,1.2594047,5.58411391,1.87316246,0.126677802,0.039616673,0.001501326,0.005073744,0.000258643,7.74e-06,1.53e-06,0,0.0,0.0,0.001999052,0,0,,,,,,,0,0.000156779,0.0,0.0,0.003707842,0.004916758,0.013961603,0.106458327,8.13707863,9.24635575,2.11631695,0.809616586,0.516744846,0.581417801,0.551433974,0.088169573,2.23156768,0,0.0,0,5.48e-07,0,0,,,,,,,71127.1265510425,136282.42635076167,134535.9516934527,158123.03551139517
40,Saudi_Arabia,6,20,10,6,1000,1437.87328,4751.80836,2475.33415,560.091612,0.050950798,6247.9008,-2175.42791,-4450.52701,0.28269201,-4122.01705,6,24.3578952,20,10,6,42,42,42.000076,42.000076,42.000076,17.6421807,0,1.03560266,0.0,0.0,3.68272484,0.731990378,3.14031915,1.23448725,5.71676483,1.92383223,0.13054203,0.036877303,0.00152215,0.005265226,0.000244638,7.44e-06,1.54e-06,0,0.0,0.0,0.001999072,0,0,,,,,,,0,0.000159917,0.0,0.0,0.003524575,0.004699066,0.013337372,0.101873487,8.28411521,9.42234195,2.15817307,0.728048558,0.527287753,0.593181136,0.484195792,0.077420924,1.95953591,0,0.0,0,5.29e-07,0,0,,,,,,,71137.43181102964,142731.35767516278,134935.911055809,158014.166606274
41,Saudi_Arabia,6,20,10,6,1050,1437.87328,4751.80836,2475.33415,560.091612,0.060301794,6954.99242,-2265.78757,-4975.98005,0.28492717,-4131.56254,6,24.3339091,20,10,6,42,42,42.0011268,42.0011268,42.0011268,17.6672177,0,1.08509963,0.0,0.0,3.60460287,0.716534818,3.07388932,1.21010918,5.83161255,1.96783999,0.133922562,0.034393156,0.001539932,0.005435204,0.000230741,7.11e-06,1.54e-06,0,0.0,0.0,0.001999087,0,0,,,,,,,0,0.000162676,0.0,0.0,0.003368003,0.004510819,0.012798423,0.097873563,8.41466843,9.57720468,2.19490807,0.659173956,0.536538705,0.603500449,0.428113951,0.068455438,1.73263145,0,0.0,0,5.13e-07,0,0,,,,,,,71148.76807938055,149423.43582226612,135371.08197064482,157959.77643085856
42,Saudi_Arabia,6,20,10,6,1100,1437.87328,4751.80836,2475.33415,560.091612,0.071325908,7680.41707,-2378.7844,-5507.44587,0.287072793,-4140.47427,6,24.3256614,20,10,6,42,42,42.0009183,42.0009183,42.0009183,17.675257,0,1.12963145,0.0,0.0,3.5297933,0.7017229,3.01024589,1.1864866,5.93232309,2.00661523,0.136919411,0.032151317,0.001555655,0.005587472,0.000217242,6.78e-06,1.52e-06,0,0.0,0.0,0.0019991,0,0,,,,,,,0,0.000165152,0.0,0.0,0.003231664,0.004344949,0.012324199,0.094326314,8.52955336,9.71314587,2.22715448,0.600524861,0.544665972,0.612563483,0.380948877,0.060915196,1.54179648,0,0.0,0,5e-07,0,0,,,,,,,71160.83410674513,156348.34989047988,135805.01722628434,157924.90816489683
43,Saudi_Arabia,6,20,10,6,1150,1437.87328,4751.80836,2475.33415,560.091612,0.084614337,8424.13345,-2513.2019,-6044.51953,0.28913801,-4148.85897,6,24.3308376,20,10,6,42,42,42.0012596,42.0012596,42.0012596,17.670422,0,1.16966722,0.0,0.0,3.45873517,0.687644585,2.94977026,1.16382808,6.02082546,2.04075221,0.139569806,0.030124987,0.001569479,0.005723378,0.000204278,6.44e-06,1.5e-06,0,0.0,0.0,0.001999111,0,0,,,,,,,0,0.000167404,0.0,0.0,0.003112602,0.004198648,0.011906389,0.091181257,8.63217064,9.83389036,2.25574629,0.550259251,0.551870692,0.620596696,0.341010691,0.05453012,1.38019609,0,0.0,0,4.89e-07,0,0,,,,,,,71174.30883739283,163498.39275014843,136242.04409895578,157916.64038365704
44,Saudi_Arabia,6,20,10,6,1200,1437.87328,4751.80836,2475.33415,560.091612,0.101150601,9186.09249,-2668.36712,-6586.60863,0.291120219,-4156.64218,6,24.3437151,20,10,6,42,42,42.0003438,42.0003438,42.0003438,17.6566287,0,1.20601889,0.0,0.0,3.39132762,0.674283109,2.89238493,1.14217647,6.09941327,2.07116188,0.141939709,0.028296553,0.001581942,0.005845651,0.000191981,6.11e-06,1.46e-06,0,0.0,0.0,0.00199912,0,0,,,,,,,0,0.000169475,0.0,0.0,0.003007108,0.004067778,0.011533019,0.08835764,8.72326299,9.94098779,2.2811139,0.506857028,0.558267007,0.627727143,0.306941668,0.049083216,1.24233888,0,0.0,0,4.8e-07,0,0,,,,,,,71189.46768057453,170866.63362219522,136663.01711250743,157915.19555918995
45,Spain,7,26,13,8,500,1677.51883,6177.35087,3217.9344,746.788816,0.001272346,234.528396,-3858.99884,410.483807,0.338786235,-5208.53205,7,37.6493733,26,13,8,54,54,54.0003065,54.0003065,54.0003065,16.3509332,0,0.0,0.0,0.0,5.14258772,1.01543687,4.36761729,1.58253902,3.14296331,0.950837061,0.060490544,0.082290945,0.000971793,0.002215651,0.000375691,8.97e-06,8.75e-07,0,0.0,0.0,0.002597436,0,0,,,,,,,0,0.0,0.0,0.0,0.012665991,0.014830091,0.042800367,0.28637376,6.92978886,7.21202129,1.58609595,3.87700609,0.379473655,0.428328849,3.23678361,0.517387854,13.0941475,0,0.0,0,2.04e-06,0,0,,,,,,,85156.63867856671,791785.4467686545,256127.33437396833,288354.00314481335
46,Spain,7,26,13,8,550,1677.51883,6177.35087,3217.9344,746.788816,0.005090221,909.320318,-3516.42696,-135.049063,0.339699428,-5197.00127,7,35.8600753,26,13,8,54,54,54.0006625,54.0006625,54.0006625,18.1405872,0,0.202219719,0.0,0.0,5.31560663,1.05193314,4.52067936,1.68122366,3.96453272,1.23389467,0.079429947,0.083902603,0.001218679,0.002937071,0.000400219,9.81e-06,1.04e-06,0,0.0,0.0,0.002597892,0,0,,,,,,,0,7.2e-05,0.0,0.0,0.010398549,0.012458158,0.035819422,0.249590948,7.56862157,8.11245907,1.80588756,3.25702149,0.43438581,0.490030101,2.66709735,0.426337692,10.789894,0,0.0,0,1.59e-06,0,0,,,,,,,85170.8062467001,793423.9018246955,243115.41935145928,276426.332749183
47,Spain,7,26,13,8,600,1677.51883,6177.35087,3217.9344,746.788816,0.009295537,1606.75354,-3231.56801,-698.615048,0.341443248,-5195.85914,7,34.514806,26,13,8,54,54,54.0028802,54.0028802,54.0028802,19.4880742,0,0.392155322,0.0,0.0,5.38400632,1.06690582,4.58260966,1.73221772,4.6634931,1.48066836,0.096224841,0.081767703,0.001410893,0.003595168,0.000409594,1.03e-05,1.2e-06,0,0.0,0.0,0.00259817,0,0,,,,,,,0,0.000115139,0.0,0.0,0.008872375,0.010850008,0.031100688,0.22284026,8.1274361,8.88497366,1.99470035,2.74604084,0.481699454,0.543133683,2.20207764,0.352014333,8.90895014,0,0.0,0,1.31e-06,0,0,,,,,,,85182.46721672462,828678.3352905,233099.645874781,266839.194479851
48,Spain,7,26,13,8,650,1677.51883,6177.35087,3217.9344,746.788816,0.013938588,2327.10355,-3007.96193,-1279.09468,0.343847314,-5201.90587,7,33.5388279,26,13,8,54,54,54.0068658,54.0068658,54.0068658,20.4680379,0,0.562167466,0.0,0.0,5.3819326,1.06742185,4.58326585,1.75118049,5.23871037,1.68653166,0.110453962,0.077630902,0.001551497,0.004171926,0.000409041,1.06e-05,1.35e-06,0,0.0,0.0,0.002598351,0,0,,,,,,,0,0.000142212,0.0,0.0,0.007793627,0.009703968,0.027747507,0.202734643,8.62566996,9.54902451,2.15594761,2.33112013,0.522102843,0.588439963,1.82845199,0.292297173,7.39765059,0,0.0,0,1.13e-06,0,0,,,,,,,85193.73268161369,867847.4606464095,225741.85603505242,259468.40941452744
49,Spain,7,26,13,8,700,1677.51883,6177.35087,3217.9344,746.788816,0.019079533,3070.59963,-2842.30923,-1875.06403,0.346648172,-5211.89956,7,32.8291776,26,13,8,54,54,54.0011354,54.0011354,54.0011354,21.1719578,0,0.714056309,0.0,0.0,5.33212769,1.0581843,4.54252152,1.74896289,5.71301042,1.85842634,0.122533831,0.072785994,0.001655351,0.004679669,0.000402729,1.08e-05,1.49e-06,0,0.0,0.0,0.002598477,0,0,,,,,,,0,0.000160453,0.0,0.0,0.006978956,0.008825296,0.025185821,0.186601335,9.0587472,10.1124594,2.29219614,1.99459999,0.556270414,0.626716685,1.52912373,0.244454233,6.18685697,0,0.0,0,1e-06,0,0,,,,,,,85203.2211574209,910651.3540300913,220324.19991789357,253738.64460323984
50,Spain,7,26,13,8,750,1677.51883,6177.35087,3217.9344,746.788816,0.024791274,3837.42314,-2729.62192,-2485.42237,0.349718276,-5224.6189,7,32.3313733,26,13,8,54,54,54.000118,54.0001243,54.0001243,21.668751,0,0.847213913,0.0,4.64e-06,5.25377499,1.04308782,4.47695014,1.73342907,6.10291596,2.00102331,0.132717972,0.067772676,0.001731929,0.005123748,0.00039221,1.08e-05,1.63e-06,0,1.7e-06,0.0,0.002598568,0,0,,,,,,,0,0.000173211,0.0,2.87e-08,0.006351212,0.008137698,0.023187928,0.173502704,9.43877053,10.5938051,2.40787179,1.72185721,0.585273866,0.659182047,1.28951104,0.206155124,5.21759287,0,1.14e-09,0,9.12e-07,0,0,,,,,,,85213.49406738573,956832.6657823548,216448.1842248958,249371.62192160453
51,Spain,7,26,13,8,800,1677.51883,6177.35087,3217.9344,746.788816,0.031163507,4627.70933,-2664.65587,-3108.9793,0.352912745,-5238.59145,7,31.9851316,26,13,8,54,54,54.0009016,54.0009016,54.0009016,22.0157699,0,0.964046586,0.0,0.0,5.15874133,1.02455165,4.39682993,1.70970782,6.42673242,2.12055319,0.141390908,0.062920979,0.001790293,0.005514981,0.000378775,1.07e-05,1.74e-06,0,0.0,0.0,0.002598635,0,0,,,,,,,0,0.000182611,0.0,0.0,0.00585253,0.007581923,0.021578398,0.162591008,9.76962106,11.0048109,2.50621686,1.49969741,0.609942118,0.68677356,1.09681895,0.175355005,4.43810851,0,0.0,0,8.45e-07,0,0,,,,,,,85224.19730814798,1006110.3418004025,213687.24604092562,246015.14342803686
52,Spain,7,26,13,8,850,1677.51883,6177.35087,3217.9344,746.788816,0.038308524,5441.55149,-2642.76392,-3744.5749,0.356124579,-5252.80723,7,31.7449827,26,13,8,54,54,54.0002849,54.0002849,54.0002849,22.2553021,0,1.06704247,0.0,0.0,5.05490662,1.00418039,4.30898099,1.68119118,6.69902054,2.22206,0.148866066,0.058380664,0.001836627,0.005862238,0.000363339,1.05e-05,1.84e-06,0,0.0,0.0,0.002598687,0,0,,,,,,,0,0.000189876,0.0,0.0,0.005446169,0.007120813,0.020247122,0.153317562,10.0556852,11.3557872,2.5900152,1.31750904,0.630984618,0.710292225,0.940841043,0.150422708,3.80712309,0,0.0,0,7.93e-07,0,0,,,,,,,85234.90924303766,1058241.2077782408,211718.21798855503,243395.42218611253
53,Spain,7,26,13,8,900,1677.51883,6177.35087,3217.9344,746.788816,0.046369774,6279.00596,-2659.82837,-4391.25096,0.359303222,-5266.85934,7,31.5837723,26,13,8,54,54,54.0002849,54.0002849,54.0002849,22.4165126,0,1.15784975,0.0,0.0,4.9479119,0.983117938,4.21827304,1.65021832,6.92979724,2.30881183,0.155337861,0.054192543,0.001874314,0.006170546,0.000346544,1.02e-05,1.9e-06,0,0.0,0.0,0.002598727,0,0,,,,,,,0,0.000195712,0.0,0.0,0.005110476,0.006733505,0.019131869,0.14538038,10.3044254,11.6576311,2.66192972,1.16708828,0.649058167,0.730480136,0.813706078,0.130100256,3.29280048,0,0.0,0,7.53e-07,0,0,,,,,,,85246.06837847788,1113029.129269384,210342.00649966023,241348.71490999774
54,Spain,7,26,13,8,950,1677.51883,6177.35087,3217.9344,746.788816,0.055534895,7140.09757,-2712.39384,-5048.15597,0.362420159,-5280.52878,7,31.4819229,26,13,8,54,54,54.0022836,54.0022836,54.0022836,22.5203608,0,1.23800264,0.0,0.0,4.84137487,0.962099202,4.1278325,1.61832665,7.12678298,2.38333362,0.160958163,0.050361043,0.001905539,0.006444044,0.000328964,9.85e-06,1.95e-06,0,0.0,0.0,0.002598759,0,0,,,,,,,0,0.000200564,0.0,0.0,0.00482996,0.00640497,0.018187957,0.138547921,10.522435,11.9194174,2.72414846,1.04198591,0.664701219,0.747944986,0.709299098,0.113410367,2.87040829,0,0.0,0,7.21e-07,0,0,,,,,,,85258.02913842263,1170311.4184180144,209413.7258765383,239752.80667125207
55,Spain,7,26,13,8,1000,1677.51883,6177.35087,3217.9344,746.788816,0.066056367,8024.82491,-2798.12655,-5714.17526,0.365423164,-5293.33828,7,31.416329,26,13,8,54,54,54.0001835,54.0001835,54.0001835,22.5838545,0,1.30976748,0.0,0.0,4.73683379,0.941444501,4.0390091,1.5863465,7.29759315,2.44850401,0.165920313,0.046892169,0.001932667,0.006689353,0.000311218,9.47e-06,1.96e-06,0,0.0,0.0,0.002598785,0,0,,,,,,,0,0.00020474,0.0,0.0,0.004589735,0.00611934,0.017368955,0.13254214,10.7109826,12.145467,2.7779303,0.936990651,0.678246949,0.76305988,0.622798342,0.099582453,2.52044523,0,0.0,0,6.96e-07,0,0,,,,,,,85269.95046412337,1229945.9526217734,208771.0185006328,238454.97954989158
56,Spain,7,26,13,8,1050,1677.51883,6177.35087,3217.9344,746.788816,0.078285892,8933.1652,-2914.0826,-6389.07263,0.368358621,-5305.7972,7,31.3897624,26,13,8,54,54,54.0048502,54.0048502,54.0048502,22.6150877,0,1.37301393,0.0,0.0,4.63668069,0.921632645,3.95385142,1.55514598,7.44448917,2.50455957,0.170217545,0.04373294,0.001955273,0.006905242,0.000293519,9.05e-06,1.96e-06,0,0.0,0.0,0.002598805,0,0,,,,,,,0,0.000208394,0.0,0.0,0.004386636,0.005875214,0.016669993,0.127360939,10.8810327,12.3462614,2.82544404,0.848428271,0.690195321,0.77639137,0.550702214,0.088056877,2.22874839,0,0.0,0,6.75e-07,0,0,,,,,,,85283.82606568713,1291835.6537200173,208419.2715476629,237475.61067663415
57,Spain,7,26,13,8,1100,1677.51883,6177.35087,3217.9344,746.788816,0.092735199,9865.07869,-3059.45195,-7071.4891,0.371155638,-5317.22925,7,31.3783921,26,13,8,54,54,54.003935,54.003935,54.003935,22.6255429,0,1.4303777,0.0,0.0,4.54039053,0.902570889,3.87194193,1.52481364,7.57412322,2.55440931,0.174063892,0.040890098,0.001975729,0.007100204,0.000276382,8.63e-06,1.94e-06,0,0.0,0.0,0.002598822,0,0,,,,,,,0,0.000211676,0.0,0.0,0.00420815,0.005657909,0.016048724,0.122720904,11.0284696,12.5209472,2.8668903,0.772933567,0.700639767,0.788039383,0.490025006,0.078356493,1.9832428,0,0.0,0,6.58e-07,0,0,,,,,,,85297.92097031751,1355875.9376611225,208198.20960179952,236651.13440686074
58,Spain,7,26,13,8,1150,1677.51883,6177.35087,3217.9344,746.788816,0.110192312,10820.5124,-3232.7276,-7760.85912,0.373828996,-5327.79388,7,31.3798348,26,13,8,54,54,54.0002313,54.0002313,54.0002313,22.6203966,0,1.48239003,0.0,0.0,4.44859644,0.884388192,3.79382862,1.49563241,7.68884012,2.59875257,0.177502522,0.038326762,0.00199417,0.007275805,0.000259965,8.2e-06,1.91e-06,0,0.0,0.0,0.002598837,0,0,,,,,,,0,0.000214655,0.0,0.0,0.004050846,0.005464306,0.015495871,0.118567371,11.1579225,12.6744768,2.90336597,0.708166576,0.709843563,0.798300452,0.438612568,0.070137019,1.77521567,0,0.0,0,6.43e-07,0,0,,,,,,,85313.12805961948,1421995.8566728216,208085.60015114245,235963.28581695745
59,Spain,7,26,13,8,1200,1677.51883,6177.35087,3217.9344,746.788816,0.131968191,11799.4035,-3432.07807,-8457.10801,0.376421373,-5337.93066,7,31.3993593,26,13,8,54,54,54.001321,54.001321,54.001321,22.6019617,0,1.5288668,0.0,0.0,4.36210946,0.867246261,3.72020437,1.4678858,7.78935395,2.63748635,0.180515005,0.035999786,0.002010004,0.007431102,0.000244299,7.78e-06,1.86e-06,0,0.0,0.0,0.002598849,0,0,,,,,,,0,0.000217387,0.0,0.0,0.003914063,0.005294655,0.015011838,0.114910627,11.2765775,12.8133552,2.93618088,0.652351044,0.718105684,0.807513194,0.39481183,0.063134243,1.59798054,0,0.0,0,6.31e-07,0,0,,,,,,,85331.39090647035,1490140.4146885758,208109.19973346053,235444.90392823302
60,USA,86,170,66,66,500,20609.517,40390.3711,16337.2054,6161.00773,0.009157756,1677.37526,-22418.2991,3066.09759,2.73588942,-37260.221,86,255.219059,170,66,66,388,388,388.0,388.0,388.0,132.780941,0,9.47722946,0.0,0.0,29.9311759,5.95824244,25.5459248,10.2596526,34.8569318,14.206372,1.05143862,1.41067169,0.019010158,0.0408806,0.006260635,0.00014533,1.3e-05,0,0.0,0.0,0.016992089,0,0,,,,,,,0,0.001468452,0.0,0.0,0.024404978,0.028319438,0.081644717,0.600020083,23.6727079,33.2254669,8.51636494,21.5955757,2.19164038,2.46087999,18.8038683,3.0062872,76.0860235,0,0.0,0,4.51e-06,0,0,,,,,,,355623.9949678049,2729504.9974068156,1167335.087339269,1354902.5425136064
61,USA,86,170,66,66,550,20609.517,40390.3711,16337.2054,6161.00773,0.037345682,6504.16914,-21969.7311,-994.90044,2.76828215,-37112.2657,86,247.153278,170,66,66,388,388,388.0,388.0,388.0,140.846722,0,7.55692106,0.0,0.0,33.2476262,6.61214497,28.3602734,11.2401373,37.6646132,14.0728173,0.988803316,1.02746223,0.016302333,0.037735499,0.004767894,0.000114413,1.13e-05,0,0.0,0.0,0.016991322,0,0,,,,,,,0,0.001367725,0.0,0.0,0.032624035,0.038845308,0.111613932,0.824813958,34.401832,44.3291144,10.7918534,19.8487453,2.70563013,3.0426353,16.6634447,2.66397452,67.4220798,0,0.0,0,5.28e-06,0,0,,,,,,,355675.5666744624,2768545.4039069694,1248701.7313985184,1457052.1369340934
62,USA,86,170,66,66,600,20609.517,40390.3711,16337.2054,6161.00773,0.069662881,11493.7708,-21566.2248,-5077.20944,2.8244471,-37097.9843,86,243.052905,170,66,66,388,388,388.0,388.0,388.0,144.947095,0,5.81815332,0.0,0.0,35.9481987,7.14092671,30.6424531,11.9534198,38.4401502,13.2840258,0.897082377,0.754344356,0.013589447,0.033941285,0.003716042,9.26e-05,1.04e-05,0,0.0,0.0,0.016990428,0,0,,,,,,,0,0.001230214,0.0,0.0,0.042406439,0.051722482,0.148194522,1.09410521,46.9230311,55.8934488,13.0571834,18.1176805,3.21055757,3.61477831,14.6950845,2.34922416,59.455907,0,0.0,0,6.17e-06,0,0,,,,,,,355722.7355048486,2925004.5818726765,1348986.7497624333,1574260.6304408207
63,USA,86,170,66,66,650,20609.517,40390.3711,16337.2054,6161.00773,0.106959043,16648.1399,-21250.7737,-9178.40741,2.89616391,-37178.6914,86,241.658282,170,66,66,388,388,388.0,388.0,388.0,146.341718,0,4.33418386,0.0,0.0,38.0191259,7.54257406,32.3825639,12.4169044,37.8989661,12.3082281,0.809143217,0.567965227,0.011402764,0.030596622,0.00298665,7.74e-05,9.79e-06,0,0.0,0.0,0.016989476,0,0,,,,,,,0,0.001057737,0.0,0.0,0.053081921,0.0660792,0.188934501,1.38525545,60.0369118,67.0580351,15.2003734,16.4470864,3.68761201,4.1555238,12.91581,2.06474043,52.2558805,0,0.0,0,7.12e-06,0,0,,,,,,,355770.8008722729,3088093.2141706366,1455401.0229683607,1693652.6278114482
64,USA,86,170,66,66,700,20609.517,40390.3711,16337.2054,6161.00773,0.150337268,21968.9078,-20454.5018,-13397.8804,2.94363022,-37274.3045,86,238.585955,170,66,66,388,388,388.002253,388.002253,388.002253,149.416298,0,4.53871418,0.0,0.0,38.3681927,7.61117359,32.6782456,12.5141098,39.6038013,12.7101119,0.833182229,0.495973837,0.011199663,0.0317665,0.002753141,7.37e-05,1.03e-05,0,0.0,0.0,0.016989662,0,0,,,,,,,0,0.001078907,0.0,0.0,0.053171386,0.06725783,0.191962559,1.41462823,66.6969554,73.434966,16.5437359,14.381382,4.00375459,4.51189797,11.0040494,1.75914916,44.5219589,0,0.0,0,6.94e-06,0,0,,,,,,,355813.7365407044,3247904.5190211856,1477468.3315761476,1717907.4071547852
65,USA,86,170,66,66,750,20609.517,40390.3711,16337.2054,6161.00773,0.201257688,27457.3643,-19643.4385,-17760.4565,2.97544196,-37366.3625,86,235.010401,170,66,66,388,388,388.001537,388.001537,388.001537,152.991136,0,5.49602166,0.0,0.0,37.8054972,7.50315596,32.2083783,12.410776,42.4065307,13.7258131,0.905287294,0.463259785,0.011757528,0.034893449,0.002689164,7.4e-05,1.13e-05,0,0.0,0.0,0.016990308,0,0,,,,,,,0,0.001185343,0.0,0.0,0.048250107,0.061838413,0.17622295,1.31218628,69.4369976,76.9110718,17.3777043,12.4155563,4.21254588,4.74568838,9.27991542,1.48356943,37.5476628,0,0.0,0,6.29e-06,0,0,,,,,,,355854.10065174085,3413002.335922485,1458558.8670988143,1695471.7409897642
66,USA,86,170,66,66,800,20609.517,40390.3711,16337.2054,6161.00773,0.261696915,33114.4718,-19175.9626,-22217.6913,3.00857716,-37466.929,86,232.514027,170,66,66,388,388,388.004847,388.004847,388.004847,155.490819,0,6.3370954,0.0,0.0,37.1216429,7.37006652,31.6326074,12.2463256,44.7365439,14.5790598,0.96683082,0.431129034,0.012186576,0.037652364,0.002602668,7.34e-05,1.21e-05,0,0.0,0.0,0.016990786,0,0,,,,,,,0,0.001263548,0.0,0.0,0.044362079,0.057483946,0.163617141,1.22731232,71.8173945,79.8750947,18.0861685,10.8139532,4.3900279,4.94426879,7.89316945,1.26191185,31.9379936,0,0.0,0,5.81e-06,0,0,,,,,,,355897.1514849933,3589226.058412808,1445737.7215032685,1678365.1369414807
67,USA,86,170,66,66,850,20609.517,40390.3711,16337.2054,6161.00773,0.334401624,38940.8938,-19018.2373,-26761.5164,3.04204867,-37569.5514,86,230.789948,170,66,66,388,388,388.004487,388.004487,388.004487,157.214539,0,7.07773564,0.0,0.0,36.3750805,7.22382364,31.0015645,12.0461355,46.6942424,15.3031955,1.01983235,0.400726427,0.012527672,0.04009825,0.002500358,7.22e-05,1.27e-05,0,0.0,0.0,0.01699115,0,0,,,,,,,0,0.001323671,0.0,0.0,0.041215458,0.053898997,0.153269689,1.1557135,73.8792334,82.4083522,18.6902383,9.50071897,4.54150377,5.11363193,6.77077786,1.08250434,27.3975609,0,0.0,0,5.45e-06,0,0,,,,,,,355942.8817006762,3775713.4534641462,1437230.7532268858,1665179.7420651983
68,USA,86,170,66,66,900,20609.517,40390.3711,16337.2054,6161.00773,0.423308188,44937.0312,-19140.2468,-31385.3008,3.07538095,-37671.5169,86,229.647477,170,66,66,388,388,388.018587,388.018587,388.018587,158.371109,0,7.72936867,0.0,0.0,35.6067654,7.07274996,30.3506515,11.8275082,48.350651,15.9208154,1.06561618,0.372451764,0.012804332,0.042264675,0.002387163,7.03e-05,1.32e-05,0,0.0,0.0,0.016991432,0,0,,,,,,,0,0.001371651,0.0,0.0,0.038633225,0.050910412,0.144665396,1.09487055,75.6788178,84.5914348,19.2094034,8.41673564,4.67175915,5.25918668,5.85610246,0.936295073,23.697286,0,0.0,0,5.17e-06,0,0,,,,,,,355994.25126772746,3971760.6747801066,1431952.923898652,1655087.170123427
69,USA,86,170,66,66,950,20609.517,40390.3711,16337.2054,6161.00773,0.534270901,51103.0605,-19519.0596,-36081.5446,3.10802149,-37769.3895,86,228.900433,170,66,66,388,388,388.02177,388.02177,388.02177,159.121337,0,8.30764717,0.0,0.0,34.8390348,6.92143208,29.6992997,11.6009685,49.7698785,16.4543623,1.10560679,0.346533251,0.013036867,0.044195506,0.002268133,6.8e-05,1.35e-05,0,0.0,0.0,0.016991655,0,0,,,,,,,0,0.001411431,0.0,0.0,0.036468559,0.048366287,0.137357132,1.04230332,77.2419552,86.4747667,19.6569382,7.51449436,4.78416982,5.38473251,5.10453951,0.81615566,20.6567695,0,0.0,0,4.95e-06,0,0,,,,,,,356050.0830488152,4176758.4648992606,1428829.9947124375,1647153.1611659874
70,USA,86,170,66,66,1000,20609.517,40390.3711,16337.2054,6161.00773,0.676401222,57438.9718,-20135.9994,-40843.5679,3.13967766,-37861.6285,86,228.428347,170,66,66,388,388,388.006135,388.006135,388.006135,159.577788,0,8.82416238,0.0,0.0,34.0867709,6.7729228,29.0604471,11.3735068,50.9981348,16.9197031,1.14081097,0.322950628,0.013237367,0.045922643,0.002147113,6.54e-05,1.36e-05,0,0.0,0.0,0.016991836,0,0,,,,,,,0,0.001445387,0.0,0.0,0.034625383,0.046168811,0.131056745,0.996381666,78.5996006,88.105015,20.0444497,6.75750853,4.88163821,5.49353581,4.48202692,0.716642422,18.1382474,0,0.0,0,4.77e-06,0,0,,,,,,,356111.7230653432,4390220.6041462505,1427175.2699814523,1640784.2806726648
71,USA,86,170,66,66,1050,20609.517,40390.3711,16337.2054,6161.00773,0.864715845,63944.6068,-20971.1171,-45668.7982,3.1706904,-37950.9053,86,228.227232,170,66,66,388,388,388.030915,388.030915,388.030915,159.803684,0,9.28042074,0.0,0.0,33.3652478,6.6302954,28.4472162,11.1510118,52.0557914,17.3209498,1.17137748,0.301427549,0.013405689,0.047445684,0.002026074,6.26e-05,1.36e-05,0,0.0,0.0,0.01699198,0,0,,,,,,,0,0.001474885,0.0,0.0,0.033066278,0.044289691,0.12567701,0.956740738,79.8193769,89.5493773,20.3861737,6.11879397,4.96748799,5.58935818,3.96308093,0.633682503,16.0386471,0,0.0,0,4.62e-06,0,0,,,,,,,356188.76191362,4611786.865844321,1427003.4938903884,1636090.9898850634
72,USA,86,170,66,66,1100,20609.517,40390.3711,16337.2054,6161.00773,1.12588476,70619.6713,-22016.9303,-50548.6182,3.20044789,-38033.4584,86,228.151642,170,66,66,388,388,388.028151,388.028151,388.028151,159.876509,0,9.69274446,0.0,0.0,32.6727681,6.49329381,27.8583709,10.9347474,52.9864159,17.6762231,1.19861012,0.281990446,0.013556006,0.048815598,0.00190841,5.97e-05,1.35e-05,0,0.0,0.0,0.0169921,0,0,,,,,,,0,0.001501181,0.0,0.0,0.031704432,0.042628482,0.120927719,0.921469656,80.8841474,90.8111523,20.6851271,5.5745605,5.04270327,5.6732784,3.52646658,0.563882321,14.2720879,0,0.0,0,4.5e-06,0,0,,,,,,,356279.6525056525,4841092.633776486,1427456.522814187,1632204.5082088495
73,USA,86,170,66,66,1150,20609.517,40390.3711,16337.2054,6161.00773,1.51238254,77463.8,-23261.1421,-55480.0092,3.2292016,-38111.0703,86,228.19916,170,66,66,388,388,388.029404,388.029404,388.029404,159.830244,0,10.0635807,0.0,0.0,32.0149017,6.36304591,27.2987149,10.7270479,53.8042004,17.9890822,1.22270139,0.264385207,0.01368812,0.05003848,0.001795174,5.67e-05,1.32e-05,0,0.0,0.0,0.0169922,0,0,,,,,,,0,0.001524891,0.0,0.0,0.030516908,0.04116578,0.116750542,0.890244997,81.8347485,91.9313753,20.9501127,5.10807975,5.10936266,5.74764248,3.15674246,0.504773972,12.7761145,0,0.0,0,4.4e-06,0,0,,,,,,,356397.90217832854,5077888.751220771,1428544.1410984604,1629169.5244642228
74,USA,86,170,66,66,1200,20609.517,40390.3711,16337.2054,6161.00773,2.14424408,84476.5415,-24698.978,-60456.4467,3.25671412,-38182.316,86,228.299365,170,66,66,388,388,388.004533,388.004533,388.004533,159.705168,0,10.4020923,0.0,0.0,31.389476,6.23915912,26.7664973,10.5280919,54.5336535,18.2696082,1.2443889,0.248500611,0.013808766,0.051144949,0.001687796,5.38e-05,1.29e-05,0,0.0,0.0,0.016992284,0,0,,,,,,,0,0.001546533,0.0,0.0,0.029460085,0.03985131,0.113000383,0.86208489,82.6692905,92.9182955,21.1840905,4.70503447,5.16831373,5.8133866,2.84122938,0.454331088,11.4994457,0,0.0,0,4.32e-06,0,0,,,,,,,356561.62221815495,5321939.84877756,1429855.2494552333,1626561.3244937335
