,Country,PUMP_BRAKE_POWER,COMP_BRAKE_POWER,HEAT1_HX_AREAC2,HEAT1_HX_DUTY,HEAT2_HX_AREAC2,HEAT2_HX_DUTY,COOL1_HX_AREAC2,COOL1_HX_DUTY,HX1_HX_AREAC2,HX1_HX_DUTY,HX2_HX_AREAC2,HX2_HX_DUTY,DRUM_BAL_MASI_TFL,SMR_QCALC,SMR_BAL_MASI_TFL,WGS_BAL_MASI_TFL,PSA_QCALC,PSA_BAL_MOLI_TFL,VSA_QCALC,VSA_BAL_MASI_TFL,VSA_BAL_MOLI_TFL,CH4,CO2,H2,H2O,S1,S10,S11,S12,S13,S14,S15,S16,S17,S18,S19,S2,S3,S4,S5,S6,S7,S8,S9,S9-1,S9-2,CO,CO2.1,H2.1,SMR_EAC,SMR_TPC,SMR_REV
0,Brazil,0.030314295,1.15551037,0.011093568,79.5281814,0.009089904,10.871952,0.255056547,-1431.32044,0.031016181,884.603057,0.038520548,2189.74768,18.9129607,5247.68545,18.9129606,18.9129606,-6.84852733,1.21208515,-0.170909712,10.9232815,0.442437535,4.32880012,8.52699675,1.55151723,14.5841605,14.5841605,18.9129607,18.9129607,6.43816197,12.4747987,10.9232815,1.55151723,10.9232815,10.9232815,8.52699675,2.39628471,4.32880012,4.32880012,14.5841605,14.5841605,18.9129606,18.9129606,18.9129606,18.9129607,18.9129607,0,0.280104,8.18641635,0.0604764,62850.35947561058,181575.2864403208,29013.372201000002
1,Brazil,0.031784347,1.21154533,0.011636349,83.3847963,0.009532408,11.3992483,0.268021187,-1500.69839,0.032521847,927.500723,0.040388552,2295.93662,19.8301198,5502.16508,19.8301198,19.8301198,-7.18067901,1.27086586,-0.183377341,11.4530281,0.46389337,4.53871961,8.9240751,1.6267597,15.2914002,15.2914002,19.8301198,19.8301198,6.75033206,13.0797878,11.4530281,1.6267597,11.4530281,11.4530281,8.9240751,2.52895299,4.53871961,4.53871961,15.2914002,15.2914002,19.8301198,19.8301198,19.8301198,19.8301198,19.8301198,0,0.280104,8.5834947,0.0604764,64852.2169703937,190217.16387629253,30420.406390000004
2,Brazil,0.032171937,1.22631936,0.011779532,84.4016215,0.009650764,11.5415092,0.271260318,-1517.61014,0.032986846,938.811011,0.040881065,2323.93412,20.0719357,5569.26052,20.0719357,20.0719357,-7.27003019,1.28645965,-0.186751894,11.5942681,0.46956788,4.59406644,9.03258907,1.64675578,15.4778692,15.4778692,20.0719357,20.0719357,6.83091188,13.2410239,11.5942681,1.64675578,11.5942681,11.5942681,9.03258907,2.56167902,4.59406644,4.59406644,15.4778692,15.4778692,20.0719357,20.0719357,20.0719357,20.0719357,20.0719357,0,0.280104,8.69200867,0.0604764,65377.90373155511,192471.82935573137,30794.333086000002
3,Brazil,0.032157768,1.2257793,0.011774298,84.3644513,0.009646498,11.5364257,0.271134981,-1516.94175,0.032972319,938.397562,0.040863061,2322.91067,20.0630961,5566.80784,20.0630961,20.0630961,-7.26682852,1.28589311,-0.186631204,11.5891622,0.469361085,4.59204323,9.02876159,1.64603057,15.4710528,15.4710528,20.0630961,20.0630961,6.82790334,13.2351927,11.5891622,1.64603057,11.5891622,11.5891622,9.02876159,2.56040057,4.59204323,4.59204323,15.4710528,15.4710528,20.0630961,20.0630961,20.0630961,20.0630961,20.0630961,0,0.280104,8.68818119,0.0604764,65358.83216320372,192388.57809514456,30780.771659
4,Brazil,0.031864061,1.21458386,0.011665795,83.5939238,0.00955806,11.4310595,0.268538145,-1503.08709,0.032671173,929.826877,0.040489845,2301.69479,19.8798534,5515.9644,19.8798534,19.8798534,-7.20045788,1.27414862,-0.184130542,11.4833144,0.465074257,4.55010263,8.94940897,1.63099682,15.3297508,15.3297508,19.8798534,19.8798534,6.76554224,13.1143112,11.4833144,1.63099682,11.4833144,11.4833144,8.94940897,2.53390539,4.55010263,4.55010263,15.3297508,15.3297508,19.8798534,19.8798534,19.8798534,19.8798534,19.8798534,0,0.280104,8.60882857,0.0604764,64962.854706300044,190662.71757020697,30499.640534000002
5,Brazil,0.031396512,1.19676198,0.011493107,82.36733,0.009415324,11.2594991,0.264632055,-1482.66534,0.032111316,916.183303,0.039895728,2267.92147,19.5881516,5435.02733,19.5881515,19.5881515,-7.0927005,1.25533931,-0.180066338,11.3129605,0.458229374,4.48333788,8.81856625,1.60687797,15.1048137,15.1048137,19.5881516,19.5881516,6.66831314,12.9198385,11.3129605,1.60687797,11.3129605,11.3129605,8.81856625,2.49439426,4.48333788,4.48333788,15.1048137,15.1048137,19.5881515,19.5881515,19.5881515,19.5881516,19.5881516,0,0.280104,8.47798585,0.0604764,64326.48913439238,187942.2125619604,30048.618039000005
6,Brazil,0.03082859,1.17511412,0.011283408,80.8774125,0.009244997,11.0570132,0.259551448,-1455.34186,0.031555257,899.610743,0.039174067,2226.89773,19.2338274,5336.71478,19.2338274,19.2338274,-6.9650525,1.23266688,-0.175276799,11.1088971,0.449947006,4.40224015,8.66660741,1.57786934,14.8315873,14.8315873,19.2338274,19.2338274,6.547061,12.6867664,11.1088971,1.57786934,11.1088971,11.1088971,8.66660741,2.44228969,4.40224015,4.40224015,14.8315873,14.8315873,19.2338274,19.2338274,19.2338274,19.2338274,19.2338274,0,0.280104,8.32602701,0.0604764,63554.79173754653,184595.00831273498,29506.156658000004
7,Brazil,0.030209415,1.15151261,0.011054861,79.253035,0.009058639,10.834915,0.254100024,-1426.12224,0.03092099,881.542565,0.038387277,2182.17173,18.8475268,5229.52985,18.8475268,18.8475268,-6.82515031,1.20790876,-0.170036488,10.8857696,0.440909944,4.31382362,8.49935582,1.54617757,14.5337032,14.5337032,18.8475268,18.8475268,6.41557959,12.4319472,10.8857696,1.54617757,10.8857696,10.8857696,8.49935582,2.3864138,4.31382362,4.31382362,14.5337032,14.5337032,18.8475268,18.8475268,18.8475268,18.8475268,18.8475268,0,0.280104,8.15877542,0.0604764,62706.88536054473,180954.40750132944,28913.520559000004
8,Brazil,0.029574624,1.12731586,0.010820632,77.5876901,0.008867616,10.6072295,0.248521054,-1396.16,0.030271006,863.018702,0.037580645,2136.31773,18.4514835,5119.64168,18.4514835,18.4514835,-6.68172704,1.18252662,-0.164678619,10.6570213,0.431645037,4.2231772,8.32790187,1.51368716,14.2283063,14.2283063,18.4514835,18.4514835,6.28077506,12.1707084,10.6570213,1.51368716,10.6570213,10.6570213,8.32790187,2.32911942,4.2231772,4.2231772,14.2283063,14.2283063,18.4514835,18.4514835,18.4514835,18.4514835,18.4514835,0,0.280104,7.98732147,0.0604764,61831.67715961354,177220.97153846052,28305.949892
9,Brazil,0.028931574,1.10280429,0.010583442,75.9006775,0.008674138,10.3765841,0.242880368,-1365.80679,0.029612622,844.253825,0.036763518,2089.86713,18.0502873,5008.32376,18.0502873,18.0502873,-6.53643919,1.15681431,-0.159266649,10.425298,0.422259598,4.13135138,8.15422027,1.48077416,13.9189359,13.9189359,18.0502873,18.0502873,6.14421516,11.9060721,10.425298,1.48077416,10.425298,10.425298,8.15422027,2.27107772,4.13135138,4.13135138,13.9189359,13.9189359,18.0502873,18.0502873,18.0502873,18.0502873,18.0502873,0,0.280104,7.81363987,0.0604764,60938.78468482479,173437.9605214762,27690.476791999998
10,Brazil,0.028307937,1.07903269,0.010353494,74.2645934,0.008486535,10.152913,0.237419873,-1336.36501,0.028974353,826.055433,0.035971058,2044.81881,17.6612027,4900.36637,17.6612027,17.6612027,-6.39554365,1.13187856,-0.154034089,10.2005756,0.413157555,4.04229765,7.9857954,1.44885531,13.618905,13.618905,17.6612027,17.6612027,6.01177171,11.649431,10.2005756,1.44885531,10.2005756,10.2005756,7.9857954,2.21478025,4.04229765,4.04229765,13.618905,13.618905,17.6612027,17.6612027,17.6612027,17.6612027,17.6612027,0,0.280104,7.645215,0.0604764,60066.6218743418,169768.1008755268,27093.594297
11,Brazil,0.027707012,1.05612684,0.010131997,72.6880944,0.008305791,9.93738951,0.232167965,-1307.99479,0.028359365,808.519815,0.03520746,2001.41111,17.2862882,4796.34072,17.2862882,17.2862882,-6.25978034,1.10785101,-0.149007629,9.98403834,0.404387011,3.9564872,7.82350639,1.418099,13.329801,13.329801,17.2862882,17.2862882,5.88415089,11.4021373,9.98403834,1.418099,9.98403834,9.98403834,7.82350639,2.16053195,3.9564872,3.9564872,13.329801,13.329801,17.2862882,17.2862882,17.2862882,17.2862882,17.2862882,0,0.280104,7.48292599,0.0604764,59220.241308157936,166230.95211146315,26518.451300000004
12,Brazil,0.027133381,1.03426133,0.00992063,71.183197,0.008133282,9.73165691,0.22716342,-1280.91214,0.027772354,791.780632,0.034478542,1959.97491,16.9284017,4697.03972,16.9284017,16.9284017,-6.13018436,1.0849148,-0.144224464,9.77733682,0.39601482,3.8745741,7.66859085,1.38873969,13.0538276,13.0538276,16.9284017,16.9284017,5.76232518,11.1660765,9.77733682,1.38873969,9.77733682,9.77733682,7.66859085,2.10874597,3.8745741,3.8745741,13.0538276,13.0538276,16.9284017,16.9284017,16.9284017,16.9284017,16.9284017,0,0.280104,7.32801045,0.0604764,58406.66435772857,162853.56027322047,25969.432203
13,Brazil,0.026586768,1.01342574,0.009719282,69.7491846,0.007968921,9.53561515,0.222402709,-1255.10506,0.027212999,775.829911,0.033783959,1920.49048,16.5873726,4602.41608,16.5873726,16.5873726,-6.00669285,1.06305896,-0.139680907,9.58037166,0.388036985,3.79651934,7.52097257,1.36076331,12.7908533,12.7908533,16.5873726,16.5873726,5.64623768,10.941135,9.58037166,1.36076331,9.58037166,9.58037166,7.52097257,2.05939908,3.79651934,3.79651934,12.7908533,12.7908533,16.5873726,16.5873726,16.5873726,16.5873726,16.5873726,0,0.280104,7.18039217,0.0604764,57626.1368542442,159634.43081919712,25446.273897000003
14,Brazil,0.026069067,0.993692176,0.009528641,68.391019,0.007813273,9.34994339,0.217901021,-1230.66248,0.026683251,760.722846,0.033126113,1883.09443,16.2643811,4512.79721,16.2643811,16.2643811,-5.88973358,1.04235914,-0.135391212,9.39382477,0.380481115,3.722593,7.38116332,1.33426668,12.5417881,12.5417881,16.2643811,16.2643811,5.53628962,10.7280915,9.39382477,1.33426668,9.39382477,9.39382477,7.38116332,2.01266145,3.722593,3.722593,12.5417881,12.5417881,16.2643811,16.2643811,16.2643811,16.2643811,16.2643811,0,0.280104,7.04058292,0.0604764,56882.0167607652,156584.79833010968,24950.786916
15,China,0.053779823,2.04996172,0.019811779,141.088935,0.016171223,19.2876548,0.469334982,-2539.26939,0.055025021,1569.35191,0.06833833,3884.77597,33.5530051,9309.78601,33.553005,33.553005,-12.1497991,2.15032961,-0.375277086,19.3787173,0.78491724,7.6796148,14.8638946,2.75250748,25.8733902,25.8733902,33.5530051,33.5530051,11.4217803,22.1312248,19.3787173,2.75250748,19.3787173,19.3787173,14.8638946,4.51482277,7.6796148,7.6796148,25.8733902,25.8733902,33.553005,33.553005,33.553005,33.5530051,33.5530051,0,0.280104,14.5233142,0.0604764,91968.24065465003,157865.62560045914,53811.52123399999
16,China,0.056663112,2.15986595,0.020891049,148.653111,0.017044003,20.3216066,0.496787474,-2675.45548,0.057972672,1653.48929,0.072002141,4093.04977,35.3518763,9808.90993,35.3518763,35.3518763,-12.8011215,2.26561147,-0.400865312,20.4176097,0.826998249,8.09134063,15.6423956,2.90007161,27.2605357,27.2605357,35.3518763,35.3518763,12.0341951,23.3176813,20.4176097,2.90007161,20.4176097,20.4176097,15.6423956,4.77521404,8.09134063,8.09134063,27.2605357,27.2605357,35.3518763,35.3518763,35.3518763,35.3518763,35.3518763,0,0.280104,15.3018152,0.0604764,95225.78700768034,166069.17643722452,56696.3999755
17,China,0.057388632,2.18752112,0.021162905,150.556482,0.017266641,20.5874492,0.503378476,-2707.30517,0.058833564,1674.66076,0.072924065,4145.45764,35.8045259,9934.50431,35.8045257,35.8045257,-12.9681275,2.29478772,-0.407457244,20.6817743,0.837617783,8.19494306,15.8449862,2.93747973,27.6095827,27.6095827,35.8045259,35.8045259,12.1852718,23.619254,20.6817743,2.93747973,20.6817743,20.6817743,15.8449862,4.83678809,8.19494306,8.19494306,27.6095827,27.6095827,35.8045257,35.8045257,35.8045257,35.8045259,35.8045259,0,0.280104,15.5044058,0.0604764,96041.21363529604,168113.3718205838,57427.728721499996
18,China,0.057366109,2.1866626,0.021154464,150.497395,0.017259818,20.5793684,0.503162739,-2706.24257,0.058810474,1674.00352,0.072895445,4143.83071,35.7904738,9930.60539,35.7904738,35.7904738,-12.9630381,2.29388713,-0.40725695,20.6736578,0.837289052,8.19172686,15.8389022,2.93632693,27.598747,27.598747,35.7904738,35.7904738,12.1804891,23.6099847,20.6736578,2.93632693,20.6736578,20.6736578,15.8389022,4.83475554,8.19172686,8.19172686,27.598747,27.598747,35.7904738,35.7904738,35.7904738,35.7904738,35.7904738,0,0.280104,15.4983218,0.0604764,96016.0780264564,168049.34779844587,57405.1914815
19,China,0.056844052,2.16676297,0.020958838,149.127799,0.017101681,20.392086,0.498166839,-2681.61462,0.058275272,1658.76932,0.072232063,4106.11995,35.4647641,9840.23233,35.4647641,35.4647641,-12.8450678,2.27301167,-0.40261479,20.4855175,0.829669332,8.11717839,15.6978592,2.90960496,27.3475857,27.3475857,35.4647641,35.4647641,12.0696417,23.3951225,20.4855175,2.90960496,20.4855175,20.4855175,15.6978592,4.78765833,8.11717839,8.11717839,27.3475857,27.3475857,35.4647641,35.4647641,35.4647641,35.4647641,35.4647641,0,0.280104,15.3572788,0.0604764,95432.55601633443,166565.2094412348,56882.77696799999
20,China,0.05600976,2.13496171,0.020646332,146.939073,0.016845692,20.0863689,0.490603423,-2644.99745,0.057284988,1634.4238,0.071171923,4045.85503,34.9442532,9695.80869,34.944253,34.944253,-12.6530137,2.23946072,-0.39503776,20.1817399,0.817457605,7.99804376,15.4648734,2.86658763,26.9462092,26.9462092,34.9442532,34.9442532,11.8959256,23.0483275,20.1817399,2.86658763,20.1817399,20.1817399,15.4648734,4.71686647,7.99804376,7.99804376,26.9462092,26.9462092,34.944253,34.944253,34.944253,34.9442532,34.9442532,0,0.280104,15.124293,0.0604764,94491.67995337235,164214.10759923983,56041.7881665
21,China,0.054993347,2.09621842,0.020265808,144.27256,0.016539076,19.7239681,0.480786817,-2596.10105,0.056289582,1604.76381,0.069880362,3972.43464,34.3101174,9519.85822,34.3101174,34.3101174,-12.4245555,2.19888344,-0.386067859,19.8165214,0.802634551,7.85290274,15.1928992,2.81467022,26.4572146,26.4572146,34.3101174,34.3101174,11.6789258,22.6311916,19.8165214,2.81467022,19.8165214,19.8165214,15.1928992,4.62362214,7.85290274,7.85290274,26.4572146,26.4572146,34.3101174,34.3101174,34.3101174,34.3101174,34.3101174,0,0.280104,14.8523188,0.0604764,93346.803278226,161315.62004175875,55026.802801
22,China,0.053888246,2.05409454,0.019852332,141.373377,0.016204565,19.327569,0.470298278,-2543.94958,0.055157564,1572.51579,0.068476104,3892.60786,33.6206494,9328.55498,33.6206494,33.6206494,-12.1748591,2.15469527,-0.3762642,19.4182848,0.786505243,7.69509726,14.8943904,2.7581069,25.9255522,25.9255522,33.6206494,33.6206494,11.4442578,22.1763917,19.4182848,2.7581069,19.4182848,19.4182848,14.8943904,4.52389441,7.69509726,7.69509726,25.9255522,25.9255522,33.6206494,33.6206494,33.6206494,33.6206494,33.6206494,0,0.280104,14.55381,0.0604764,92092.5163495181,158170.85150710196,53920.989895
23,China,0.052747775,2.01062242,0.019425894,138.381402,0.01585945,18.9185038,0.45951178,-2490.12041,0.053989734,1539.23564,0.0670269,3810.2261,32.9091141,9131.12879,32.9091141,32.9091141,-11.9171818,2.10909337,-0.366157569,19.0073117,0.769859801,7.53224099,14.5863509,2.69973417,25.3768731,25.3768731,32.9091141,32.9091141,11.2020682,21.7070459,19.0073117,2.69973417,19.0073117,19.0073117,14.5863509,4.42096084,7.53224099,7.53224099,25.3768731,25.3768731,32.9091141,32.9091141,32.9091141,32.9091141,32.9091141,0,0.280104,14.2457705,0.0604764,90789.40285395061,154924.01031609866,52779.8030235
24,China,0.051611225,1.96729978,0.019001198,135.399714,0.015515624,18.5108606,0.448800582,-2436.46975,0.052826243,1506.06991,0.065582679,3728.12763,32.2000254,8934.38147,32.2000254,32.2000254,-11.660399,2.06364874,-0.356097094,18.5977593,0.753271679,7.36994471,14.2793889,2.64156291,24.8300807,24.8300807,32.2000254,32.2000254,10.9607032,21.2393223,18.5977593,2.64156291,18.5977593,18.5977593,14.2793889,4.31837047,7.36994471,7.36994471,24.8300807,24.8300807,32.2000254,32.2000254,32.2000254,32.2000254,32.2000254,0,0.280104,13.9388085,0.0604764,89481.73810179625,151686.87477451062,51642.5548905
25,China,0.05049843,1.92488264,0.02204753,132.480348,0.016036721,10.0062361,0.470242033,-2383.93677,0.051687252,1473.59739,0.064168645,3647.74511,31.5057576,8741.74641,31.5057576,31.5057576,-11.4089881,2.01915421,-0.354405661,18.1967713,0.737030316,7.21104062,13.9788529,2.58460791,24.294717,24.294717,31.5057576,31.5057576,10.7243784,20.7813792,18.1967713,2.58460791,18.1967713,18.1967713,13.9788529,4.21791836,7.21104062,7.21104062,24.294717,24.294717,31.5057576,31.5057576,31.5057576,31.5057576,31.5057576,0,0.280104,13.6382725,0.0604764,88413.70986579254,148485.18223677014,50529.08464049999
26,China,0.049425672,1.88399159,0.01818529,129.666015,0.014854255,17.7260774,0.428367425,-2333.68367,0.050570055,1442.29318,0.062805485,3570.2546,30.8364683,8556.04201,30.8364682,30.8364682,-11.1661204,1.97623344,-0.336762041,17.809767,0.72136834,7.05785361,13.68805,2.52965746,23.7786146,23.7786146,30.8364683,30.8364683,10.4970439,20.3394245,17.809767,2.52965746,17.809767,17.809767,13.68805,4.12171695,7.05785361,7.05785361,23.7786146,23.7786146,30.8364682,30.8364682,30.8364682,30.8364683,30.8364683,0,0.280104,13.3474696,0.0604764,86940.05195150338,145460.80775705443,49454.803343
27,China,0.048399947,1.84489334,0.017802717,126.975072,0.014544681,17.359122,0.418743253,-2284.86412,0.04953972,1412.36144,0.06150209,3496.16153,30.1965226,8378.47948,30.1965226,30.1965226,-10.9348921,1.93524791,-0.327738017,17.440605,0.706402804,6.91138281,13.4121286,2.47720427,23.2851398,23.2851398,30.1965226,30.1965226,10.2787134,19.9178093,17.440605,2.47720427,17.440605,17.440605,13.4121286,4.02847633,6.91138281,6.91138281,23.2851398,23.2851398,30.1965226,30.1965226,30.1965226,30.1965226,30.1965226,0,0.280104,13.0715482,0.0604764,85735.80246185289,142532.36316881856,48429.3434785
28,China,0.047425077,1.80773358,0.017439319,124.417546,0.014250075,17.0094868,0.409678778,-2238.83749,0.048542139,1383.91372,0.060263318,3425.74201,29.5883057,8209.72054,29.5883057,29.5883057,-10.7146484,1.89626858,-0.319150005,17.0893228,0.692174535,6.77217406,13.148856,2.42730911,22.8161316,22.8161316,29.5883057,29.5883057,10.0716738,19.5166319,17.0893228,2.42730911,17.0893228,17.0893228,13.148856,3.94046684,6.77217406,6.77217406,22.8161316,22.8161316,29.5883057,29.5883057,29.5883057,29.5883057,29.5883057,0,0.280104,12.8082756,0.0604764,84582.9206008736,139750.79994238834,47453.89310049999
29,China,0.046505313,1.77267432,0.017096647,122.004586,0.013972186,16.679618,0.401152174,-2195.41144,0.047601003,1357.07403,0.059094568,3359.30301,29.0144687,8050.50085,29.0144687,29.0144687,-10.5068556,1.85949268,-0.31105733,16.7578985,0.678750546,6.64083421,12.9004681,2.38023445,22.3736345,22.3736345,29.0144687,29.0144687,9.87633584,19.1381329,16.7578985,2.38023445,16.7578985,16.7578985,12.9004681,3.85743032,6.64083421,6.64083421,22.3736345,22.3736345,29.0144687,29.0144687,29.0144687,29.0144687,29.0144687,0,0.280104,12.5598877,0.0604764,83488.17528304573,137125.36349506388,46533.583497499996
30,Saudi_Arabia,0.028029249,1.06840974,0.010250762,73.5334669,0.008402442,10.0524405,0.235012999,-1323.42966,0.028678228,817.923012,0.035616927,2024.6878,17.4873302,4852.12282,17.4873301,17.4873301,-6.33229564,1.12072,-0.151689285,10.099901,0.409087261,4.00250169,7.90991702,1.4345662,13.4848284,13.4848284,17.4873302,17.4873302,5.95286303,11.5344672,10.099901,1.4345662,10.099901,10.099901,7.90991702,2.18998394,4.00250169,4.00250169,13.4848284,13.4848284,17.4873301,17.4873301,17.4873301,17.4873302,17.4873302,0,0.280104,7.56933662,0.0604764,59674.33893272545,55964.74899060101,29265.150479999997
31,Saudi_Arabia,0.028949852,1.10350098,0.010590182,75.9486274,0.008679561,10.3829927,0.243049047,-1366.73228,0.029628245,844.787178,0.036786743,2091.18739,18.0616905,5011.48775,18.0616905,18.0616905,-6.54048791,1.15754077,-0.159416892,10.4318129,0.422525563,4.13396134,8.15898299,1.48170246,13.9277292,13.9277292,18.0616905,18.0616905,6.14817512,11.9135154,10.4318129,1.48170246,10.4318129,10.4318129,8.15898299,2.27282992,4.13396134,4.13396134,13.9277292,13.9277292,18.0616905,18.0616905,18.0616905,18.0616905,18.0616905,0,0.280104,7.81840259,0.0604764,60964.11229937727,57697.72153851482,30226.730183999996
32,Saudi_Arabia,0.029312664,1.11733055,0.010723997,76.9004495,0.008790011,10.5156432,0.246084562,-1382.78297,0.03005268,855.374429,0.037247771,2117.39509,18.2880477,5074.29395,18.2880477,18.2880477,-6.62384373,1.17212241,-0.162526268,10.5637737,0.427834523,4.18576999,8.25995056,1.50039507,14.1022777,14.1022777,18.2880477,18.2880477,6.22387895,12.0641688,10.5637737,1.50039507,10.5637737,10.5637737,8.25995056,2.30382315,4.18576999,4.18576999,14.1022777,14.1022777,18.2880477,18.2880477,18.2880477,18.2880477,18.2880477,0,0.280104,7.91937016,0.0604764,61470.96443568952,58375.38748161711,30608.059427999997
33,Saudi_Arabia,0.029302593,1.11694665,0.010720282,76.8740274,0.008786981,10.5120297,0.245996241,-1382.30782,0.030042354,855.080532,0.037234973,2116.66758,18.2817641,5072.55048,18.2817641,18.2817641,-6.62156791,1.17171969,-0.162441473,10.5601443,0.427687525,4.18433181,8.25723,1.49987957,14.0974323,14.0974323,18.2817641,18.2817641,6.22174028,12.0600238,10.5601443,1.49987957,10.5601443,10.5601443,8.25723,2.30291426,4.18433181,4.18433181,14.0974323,14.0974323,18.2817641,18.2817641,18.2817641,18.2817641,18.2817641,0,0.280104,7.9166496,0.0604764,61456.9885057327,58356.44241919169,30597.543228000002
34,Saudi_Arabia,0.029032143,1.10663771,0.010620531,76.1645133,0.008705601,10.4150079,0.24362569,-1369.54976,0.029765077,847.188507,0.03689131,2097.13165,18.1130313,5025.73303,18.1130313,18.1130313,-6.56045335,1.16090521,-0.160165679,10.4626784,0.423740151,4.14571223,8.18416211,1.4860363,13.9673191,13.9673191,18.1130313,18.1130313,6.16431659,11.9487147,10.4626784,1.4860363,10.4626784,10.4626784,8.18416211,2.27851632,4.14571223,4.14571223,13.9673191,13.9673191,18.1130313,18.1130313,18.1130313,18.1130313,18.1130313,0,0.280104,7.84358171,0.0604764,61081.09222718923,57847.6220426145,30315.14052
35,Saudi_Arabia,0.028605436,1.09037266,0.010463178,75.0450685,0.008575488,10.2585653,0.240083843,-1350.856,0.029256887,834.736767,0.036349092,2066.30859,17.8468111,4951.86621,17.846811,17.846811,-6.46218116,1.14374287,-0.156504426,10.3072694,0.417493912,4.08477971,8.06490407,1.46403075,13.7620313,13.7620313,17.8468111,17.8468111,6.07551096,11.7713002,10.3072694,1.46403075,10.3072694,10.3072694,8.06490407,2.24236534,4.08477971,4.08477971,13.7620313,13.7620313,17.846811,17.846811,17.846811,17.8468111,17.8468111,0,0.280104,7.72432367,0.0604764,60482.45310441663,57051.1393432862,29866.2273
36,Saudi_Arabia,0.028087737,1.07063917,0.010272321,73.6869077,0.008420321,10.0739759,0.235492081,-1325.95296,0.028749796,819.629755,0.035691249,2028.91267,17.5238206,4862.24765,17.5238206,17.5238206,-6.34581597,1.12307513,-0.152191264,10.121247,0.409943919,4.01085363,7.92637172,1.43758694,13.512967,13.512967,17.5238206,17.5238206,5.96498662,11.558834,10.121247,1.43758694,10.121247,10.121247,7.92637172,2.1948753,4.01085363,4.01085363,13.512967,13.512967,17.5238206,17.5238206,17.5238206,17.5238206,17.5238206,0,0.280104,7.58579132,0.0604764,59757.2052035785,56073.85289350791,29326.773576
37,Saudi_Arabia,0.027521635,1.04906068,0.010063683,72.2017651,0.008250045,9.87091441,0.230549117,-1299.23819,0.028169883,803.110306,0.0349719,1988.02041,17.170632,4764.25017,17.170632,17.170632,-6.21790528,1.10043915,-0.14746048,9.91724482,0.401681473,3.9300158,7.77345553,1.40861162,13.2406162,13.2406162,17.170632,17.170632,5.84477558,11.3258564,9.91724482,1.40861162,9.91724482,9.91724482,7.77345553,2.1437893,3.9300158,3.9300158,13.2406162,13.2406162,17.170632,17.170632,17.170632,17.170632,17.170632,0,0.280104,7.43287513,0.0604764,58957.94243168598,55006.81273697516,28735.677048
38,Saudi_Arabia,0.02694045,1.02690727,0.009849556,70.6770531,0.008075264,9.66245579,0.22548259,-1271.80632,0.027574781,786.150722,0.034233385,1946.03863,16.8080333,4663.6417,16.8080333,16.8080333,-6.08659344,1.07720044,-0.142619001,9.70781335,0.393198955,3.84702417,7.61647987,1.37886491,12.9610091,12.9610091,16.8080333,16.8080333,5.72135504,11.0866783,9.70781335,1.37886491,9.70781335,9.70781335,7.61647987,2.09133348,3.84702417,3.84702417,12.9610091,12.9610091,16.8080333,16.8080333,16.8080333,16.8080333,16.8080333,0,0.280104,7.27589947,0.0604764,58131.760552878935,53910.440765562314,28128.844164
39,Saudi_Arabia,0.026358487,1.00472419,0.009635212,69.1502989,0.007900275,9.45372345,0.220417921,-1244.33533,0.026978999,769.168422,0.033493881,1904.00062,16.4449489,4562.89847,16.4449489,16.4449489,-5.9551088,1.05393077,-0.137787267,9.49810406,0.384705105,3.76392138,7.45930052,1.34907862,12.6810275,12.6810275,16.4449489,16.4449489,5.59776622,10.8471827,9.49810406,1.34907862,9.49810406,9.49810406,7.45930052,2.03880354,3.76392138,3.76392138,12.6810275,12.6810275,16.4449489,16.4449489,16.4449489,16.4449489,16.4449489,0,0.280104,7.11872012,0.0604764,57298.58925320477,52811.67259631661,27521.203847999997
40,Saudi_Arabia,0.025789873,0.983049949,0.009425852,67.6585661,0.007729327,9.24978498,0.215477729,-1217.49198,0.026397006,752.57567,0.03277134,1862.92689,16.0901931,4464.46614,16.0901931,16.0901931,-5.82664343,1.03119504,-0.133082904,9.29320802,0.376406123,3.68272484,7.30573357,1.31997588,12.4074683,12.4074683,16.0901931,16.0901931,5.4770092,10.6131839,9.29320802,1.31997588,9.29320802,9.29320802,7.30573357,1.98747446,3.68272484,3.68272484,12.4074683,12.4074683,16.0901931,16.0901931,16.0901931,16.0901931,16.0901931,0,0.280104,6.96515317,0.0604764,56478.674793035396,51737.18450567815,26927.507952
41,Saudi_Arabia,0.02524279,0.962196423,0.009224483,66.2233189,0.007564875,9.05357242,0.210732432,-1191.66353,0.025837127,736.611215,0.032076159,1823.40846,15.7488704,4369.76102,15.7488704,15.7488704,-5.70304449,1.00932032,-0.12857289,9.09607228,0.368421407,3.60460287,7.15798581,1.2919753,12.1442675,12.1442675,15.7488704,15.7488704,5.36082281,10.3880476,9.09607228,1.2919753,9.09607228,9.09607228,7.15798581,1.93808647,3.60460287,3.60460287,12.1442675,12.1442675,15.7488704,15.7488704,15.7488704,15.7488704,15.7488704,0,0.280104,6.81740541,0.0604764,55684.179761648265,50702.49902464435,26356.296120000003
42,Saudi_Arabia,0.024718904,0.942227094,0.009031711,64.8489267,0.007407417,8.86568031,0.206195649,-1166.9298,0.025301007,721.323659,0.031410453,1785.56562,15.4220199,4279.07143,15.4220199,15.4220199,-5.58468673,0.988373131,-0.124269742,8.90729565,0.360775252,3.5297933,7.01650377,1.26516201,11.8922266,11.8922266,15.4220199,15.4220199,5.24956225,10.1724577,8.90729565,1.26516201,8.90729565,8.90729565,7.01650377,1.89079188,3.5297933,3.5297933,11.8922266,11.8922266,15.4220199,15.4220199,15.4220199,15.4220199,15.4220199,0,0.280104,6.67592337,0.0604764,54918.0444090419,49710.853168070185,25809.305003999998
43,Saudi_Arabia,0.024221289,0.923259158,0.008848657,63.5434555,0.007257873,8.68721191,0.20189294,-1143.43571,0.024791805,706.802721,0.030778131,1749.62047,15.1115598,4192.92961,15.1115598,15.1115598,-5.47226506,0.968476416,-0.120197296,8.72798626,0.353512534,3.45873517,6.88211841,1.23969339,11.6528247,11.6528247,15.1115598,15.1115598,5.14388018,9.96767966,8.72798626,1.23969339,8.72798626,8.72798626,6.88211841,1.84586785,3.45873517,3.45873517,11.6528247,11.6528247,15.1115598,15.1115598,15.1115598,15.1115598,15.1115598,0,0.280104,6.54153801,0.0604764,54185.36344205211,48768.15871730352,25289.745155999997
44,Saudi_Arabia,0.023749238,0.905265691,0.008675056,62.3050523,0.007116029,8.5179123,0.197817257,-1121.1486,0.024308764,693.02779,0.030178293,1715.52199,14.8170495,4111.21329,14.8170495,14.8170495,-5.36561903,0.949601887,-0.116348142,8.55788885,0.346622935,3.39132762,6.75463711,1.21553321,11.4257219,11.4257219,14.8170495,14.8170495,5.04362744,9.77342206,8.55788885,1.21553321,8.55788885,8.55788885,6.75463711,1.80325174,3.39132762,3.39132762,11.4257219,11.4257219,14.8170495,14.8170495,14.8170495,14.8170495,14.8170495,0,0.280104,6.41405671,0.0604764,53485.72680639746,47873.1791118325,24796.877483999997
45,Spain,0.036013194,1.37273916,0.013200261,94.4789867,0.010806058,12.9158114,0.305661856,-1700.39982,0.03684703,1050.90295,0.045762173,2601.40667,22.4684801,6234.21779,22.46848,22.46848,-8.13600801,1.43994965,-0.219592371,12.9767907,0.52561305,5.14258772,10.0659923,1.84319286,17.3258923,17.3258923,22.4684801,22.4684801,7.64849654,14.8199836,12.9767907,1.84319286,12.9767907,12.9767907,10.0659923,2.91079839,5.14258772,5.14258772,17.3258923,17.3258923,22.46848,22.46848,22.46848,22.4684801,22.4684801,0,0.280104,9.7254119,0.0604764,70449.12441982825,442810.0046791314,36034.420413
46,Spain,0.037224834,1.41892405,0.013649039,97.6576688,0.011171475,13.3508343,0.316507948,-1757.40442,0.038096773,1086.25987,0.04730181,2688.92925,23.2244169,6443.96386,23.2244169,23.2244169,-8.41000155,1.48840997,-0.230062714,13.4136182,0.54329954,5.31560663,10.3937628,1.90522921,17.9088103,17.9088103,23.2244169,23.2244169,7.90556954,15.3188474,13.4136182,1.90522921,13.4136182,13.4136182,10.3937628,3.01985534,5.31560663,5.31560663,17.9088103,17.9088103,23.2244169,23.2244169,23.2244169,23.2244169,23.2244169,0,0.280104,10.0531824,0.0604764,72012.90849292869,457575.1536640364,37247.23105549999
47,Spain,0.037703832,1.43718235,0.013826539,98.9142994,0.011317472,13.5257466,0.320632839,-1778.68804,0.038652543,1100.23755,0.047910476,2723.52962,23.5232621,6526.88293,23.523262,23.523262,-8.51993135,1.50765474,-0.234281434,13.5877321,0.550307445,5.38400632,10.5268067,1.92989726,18.1392557,18.1392557,23.5232621,23.5232621,8.00563275,15.5176294,13.5877321,1.92989726,13.5877321,13.5877321,10.5268067,3.06092541,5.38400632,5.38400632,18.1392557,18.1392557,23.523262,23.523262,23.523262,23.5232621,23.5232621,0,0.280104,10.1862263,0.0604764,72629.07082061018,463366.84655952116,37729.491432999996
48,Spain,0.03768931,1.4366288,0.013821157,98.8762013,0.011313093,13.5205365,0.320502151,-1778.00291,0.038637656,1099.81378,0.047892023,2722.48061,23.5142017,6524.36902,23.5142017,23.5142017,-8.51664989,1.50707406,-0.234155719,13.5824988,0.550095488,5.3819326,10.5228839,1.92915396,18.1322691,18.1322691,23.5142017,23.5142017,8.00254896,15.5116528,13.5824988,1.92915396,13.5824988,13.5824988,10.5228839,3.05961486,5.3819326,5.3819326,18.1322691,18.1322691,23.5142017,23.5142017,23.5142017,23.5142017,23.5142017,0,0.280104,10.1823035,0.0604764,72610.50902981813,463189.83828623156,37714.959918
49,Spain,0.03734053,1.4233341,0.013691907,97.9611916,0.011207936,13.3954157,0.317365341,-1761.54916,0.038280099,1089.636,0.047448826,2697.28652,23.2965991,6463.99189,23.2965991,23.2965991,-8.43783558,1.49312743,-0.231137382,13.4568048,0.545004849,5.33212769,10.4286551,1.91130135,17.9644714,17.9644714,23.2965991,23.2965991,7.92849301,15.3681061,13.4568048,1.91130135,13.4568048,13.4568048,10.4286551,3.02814962,5.33212769,5.33212769,17.9644714,17.9644714,23.2965991,23.2965991,23.2965991,23.2965991,23.2965991,0,0.280104,10.0880747,0.0604764,72163.99670762577,458938.5315361277,37365.9413925
50,Spain,0.036791831,1.40241899,0.013488624,96.5217055,0.011040372,13.1943927,0.312684948,-1737.44894,0.037629683,1073.6244,0.046751591,2657.65137,22.9542684,6369.00707,22.9542683,22.9542683,-8.31154792,1.47106281,-0.226293762,13.2570359,0.536973642,5.25377499,10.2754738,1.88301166,17.7004933,17.7004933,22.9542684,22.9542684,7.81422089,15.1400475,13.2570359,1.88301166,13.2570359,13.2570359,10.2754738,2.98156208,5.25377499,5.25377499,17.7004933,17.7004933,22.9542683,22.9542683,22.9542683,22.9542684,22.9542684,0,0.280104,9.93489339,0.0604764,71455.13909409268,452313.7057995678,36812.877953
51,Spain,0.036126317,1.37705113,0.013242148,94.7757588,0.010840517,12.9571012,0.306632971,-1705.4345,0.036977857,1054.20399,0.045905918,2609.57807,22.5390567,6253.80037,22.5390567,22.5390567,-8.16195913,1.44449402,-0.220584647,13.017901,0.527267967,5.15874133,10.0973902,1.84901766,17.3803154,17.3803154,22.5390567,22.5390567,7.67213805,14.8669187,13.017901,1.84901766,13.017901,13.017901,10.0973902,2.92051088,5.15874133,5.15874133,17.3803154,17.3803154,22.5390567,22.5390567,22.5390567,22.5390567,22.5390567,0,0.280104,9.75680975,0.0604764,70596.43390082178,444178.3757871893,36148.295253
52,Spain,0.035399169,1.34933396,0.012972951,92.8681204,0.010621388,12.6962727,0.300126745,-1671.11976,0.036232974,1032.98506,0.044981928,2557.0527,22.0853925,6127.92441,22.0853925,22.0853925,-7.99766032,1.41541853,-0.214320992,12.755864,0.516655008,5.05490662,9.90097237,1.81179941,17.0304859,17.0304859,22.0853925,22.0853925,7.51772906,14.5676635,12.755864,1.81179941,12.755864,12.755864,9.90097237,2.85489168,5.05490662,5.05490662,17.0304859,17.0304859,22.0853925,22.0853925,22.0853925,22.0853925,22.0853925,0,0.280104,9.56039197,0.0604764,69650.92210429595,435312.44129030016,35420.6784655
53,Spain,0.034649893,1.32077327,0.012695677,90.9024266,0.010395637,12.4275219,0.293436933,-1635.75443,0.035465732,1011.12037,0.044029817,2502.92882,21.6179219,5998.21765,21.6179219,21.6179219,-7.82836947,1.38545862,-0.207880407,12.4858596,0.505719144,4.9479119,9.69859445,1.77344921,16.67001,16.67001,21.6179219,21.6179219,7.35861303,14.2593088,12.4858596,1.77344921,12.4858596,12.4858596,9.69859445,2.78726519,4.9479119,4.9479119,16.67001,16.67001,21.6179219,21.6179219,21.6179219,21.6179219,21.6179219,0,0.280104,9.35801405,0.0604764,68670.00154696654,426175.42953342135,34670.9320555
54,Spain,0.033903821,1.29233476,0.012419706,88.9451414,0.010170897,12.1599307,0.286790517,-1600.53612,0.034701981,989.349217,0.04308178,2449.03647,21.1524509,5869.06573,21.1524509,21.1524509,-7.6598083,1.35562716,-0.201481803,12.2170151,0.494830115,4.84137487,9.49709401,1.73526354,16.3110761,16.3110761,21.1524509,21.1524509,7.20017234,13.9522786,12.2170151,1.73526354,12.2170151,12.2170151,9.49709401,2.71992105,4.84137487,4.84137487,16.3110761,16.3110761,21.1524509,21.1524509,21.1524509,21.1524509,21.1524509,0,0.280104,9.15651361,0.0604764,67686.38753602767,417076.2772815658,33924.402207
55,Spain,0.033171727,1.26442904,0.012149019,87.0245256,0.009950409,11.8973572,0.280283204,-1565.9757,0.033952633,967.985939,0.042151504,2396.15378,20.6957005,5742.33345,20.6957005,20.6957005,-7.49440756,1.32635472,-0.195217722,11.9532094,0.484145113,4.73683379,9.29937395,1.6977935,15.9588667,15.9588667,20.6957005,20.6957005,7.0446976,13.6510029,11.9532094,1.6977935,11.9532094,11.9532094,9.29937395,2.65383546,4.73683379,4.73683379,15.9588667,15.9588667,20.6957005,20.6957005,20.6957005,20.6957005,20.6957005,0,0.280104,8.95879355,0.0604764,66714.3144750477,408146.4546001168,33191.862924999994
56,Spain,0.032470361,1.23769462,0.011889797,85.1845252,0.009739215,11.6458122,0.274062351,-1532.86284,0.03323489,947.519358,0.041260275,2345.49078,20.2581216,5620.9206,20.2581216,20.2581216,-7.33595327,1.29831116,-0.189231005,11.7004802,0.47390864,4.63668069,9.10996147,1.66189656,15.6214409,15.6214409,20.2581216,20.2581216,6.89574487,13.3623767,11.7004802,1.66189656,11.7004802,11.7004802,9.10996147,2.5905187,4.63668069,4.63668069,15.6214409,15.6214409,20.2581216,20.2581216,20.2581216,20.2581216,20.2581216,0,0.280104,8.76938107,0.0604764,65776.45676099251,399590.31433202646,32490.077748
57,Spain,0.031796048,1.21199136,0.011640671,83.4154943,0.0095362,11.4039681,0.268094142,-1501.02763,0.032544807,927.842181,0.040403421,2296.78187,19.8374203,5504.19069,19.8374203,19.8374203,-7.18360999,1.27134923,-0.183489062,11.4574982,0.464066985,4.54039053,8.92785335,1.62738413,15.2970297,15.2970297,19.8374203,19.8374203,6.7525379,13.0848824,11.4574982,1.62738413,11.4574982,11.4574982,8.92785335,2.52964489,4.54039053,4.54039053,15.2970297,15.2970297,19.8374203,19.8374203,19.8374203,19.8374203,19.8374203,0,0.280104,8.58727295,0.0604764,64868.50966871015,391363.2297626234,31815.359741499997
58,Spain,0.03115322,1.18748826,0.011403266,81.7290646,0.009342695,11.1734187,0.262415976,-1470.67798,0.031886991,909.083788,0.039586576,2250.34731,19.4363627,5392.91123,19.4363627,19.4363627,-7.03838125,1.24564629,-0.17802864,11.2258629,0.454684878,4.44859644,8.75425095,1.59448329,14.9877663,14.9877663,19.4363627,19.4363627,6.61601653,12.8203462,11.2258629,1.59448329,11.2258629,11.2258629,8.75425095,2.47161194,4.44859644,4.44859644,14.9877663,14.9877663,19.4363627,19.4363627,19.4363627,19.4363627,19.4363627,0,0.280104,8.41367055,0.0604764,63997.079171130375,383519.3428152643,31172.1483195
59,Spain,0.030547558,1.16440181,0.011179664,80.1401365,0.009160406,10.9562012,0.257076173,-1442.08187,0.031267262,891.409919,0.038816957,2206.59739,19.0584924,5288.06544,19.0584924,19.0584924,-6.90155043,1.22142945,-0.17289653,11.0076209,0.445845215,4.36210946,8.59068859,1.56348475,14.696383,14.696383,19.0584924,19.0584924,6.48738677,12.5711057,11.0076209,1.56348475,11.0076209,11.0076209,8.59068859,2.41693233,4.36210946,4.36210946,14.696383,14.696383,19.0584924,19.0584924,19.0584924,19.0584924,19.0584924,0,0.280104,8.25010819,0.0604764,63170.634744741525,376128.07269906026,30566.126862499998
60,USA,0.209606001,7.98969302,0.080822366,549.891868,0.064223455,75.1733261,2.45815169,-9896.76187,0.214459141,6116.52397,0.26634755,15140.8522,130.772301,36284.7421,130.772301,130.772301,-47.3536476,8.38087526,-1.78398749,75.528241,3.0592024,29.9311759,56.9449652,10.7278539,100.841125,100.841125,130.772301,130.772301,44.5162062,86.2560949,75.528241,10.7278539,75.528241,75.528241,56.9449652,18.5832758,29.9311759,29.9311759,100.841125,100.841125,130.772301,130.772301,130.772301,130.772301,130.772301,0,0.280104,56.6043848,0.0604764,229953.06958761378,1292515.7807715083,145898.81303999998
61,USA,0.232830879,8.87488923,0.090414551,610.840886,0.07154569,83.5080915,2.88357897,-10991.058,0.238334483,6794.25036,0.295859534,16818.4971,145.262204,40305.1837,145.262204,145.262204,-52.6035007,9.30965653,-1.99527124,83.8995641,3.39819885,33.2476262,63.2232159,11.9167893,112.014577,112.014577,145.262204,145.262204,49.4458503,95.8163534,83.8995641,11.9167893,83.8995641,83.8995641,63.2232159,20.6763482,33.2476262,33.2476262,112.014577,112.014577,145.262204,145.262204,145.262204,145.262204,145.262204,0,0.280104,62.8826355,0.0604764,247147.67414743727,1434398.9427901318,162068.33448
62,USA,0.251742805,9.5957612,0.0983269,660.457062,0.077529689,90.277317,3.27121239,-11889.7049,0.257403834,7346.12031,0.319891028,18184.5968,157.061275,43579.0136,157.061275,157.061275,-56.8686935,10.0654341,-2.16690129,90.707701,3.67414629,35.9481987,68.314619,12.8840693,121.113076,121.113076,157.061275,157.061275,53.4695047,103.59177,90.707701,12.8840693,90.707701,90.707701,68.314619,22.3930819,35.9481987,35.9481987,121.113076,121.113076,157.061275,157.061275,157.061275,157.061275,157.061275,0,0.280104,67.9740386,0.0604764,260810.0782695065,1550017.2667350518,175223.34248000002
63,USA,0.266245369,10.14856,0.104457893,698.505102,0.08214655,95.4850419,3.59396352,-12571.6845,0.272378578,7769.32038,0.338319519,19232.1868,166.109363,46089.5417,166.109363,166.109363,-60.1486482,10.6454965,-2.29898533,95.9366259,3.88584662,38.0191259,72.2387392,13.626643,128.090237,128.090237,166.109363,166.109363,56.546094,109.563269,95.9366259,13.626643,95.9366259,95.9366259,72.2387392,23.6978867,38.0191259,38.0191259,128.090237,128.090237,166.109363,166.109363,166.109363,166.109363,166.109363,0,0.280104,71.8981588,0.0604764,271117.96560449316,1638523.8502380587,185322.34480000002
64,USA,0.26868986,10.2417375,0.105496819,704.91832,0.082929956,96.3694425,3.64999068,-12683.8152,0.275041511,7840.65321,0.341425748,19408.7642,167.634471,46512.7058,167.634471,167.634471,-60.7051348,10.7434652,-2.32142628,96.8211971,3.92156575,38.3681927,72.9079827,13.7521307,129.266278,129.266278,167.634471,167.634471,57.0611431,110.573328,96.8211971,13.7521307,96.8211971,96.8211971,72.9079827,23.9132145,38.3681927,38.3681927,129.266278,129.266278,167.634471,167.634471,167.634471,167.634471,167.634471,0,0.280104,72.5674023,0.0604764,272843.78419769416,1653389.5258781652,187028.97752000001
65,USA,0.264749341,10.0915355,0.103822945,694.580216,0.081673613,94.9554116,3.55834208,-12498.0972,0.270993171,7725.66473,0.336418508,19124.1216,165.175999,45830.5655,165.175998,165.175998,-59.8144647,10.5858841,-2.2855604,95.4009067,3.86404951,37.8054972,71.8428989,13.550412,127.370501,127.370501,165.175999,165.175999,56.2246799,108.951319,95.4009067,13.550412,95.4009067,95.4009067,71.8428989,23.5580078,37.8054972,37.8054972,127.370501,127.370501,165.175998,165.175998,165.175998,165.175999,165.175999,0,0.280104,71.5023185,0.0604764,270063.3480962893,1629336.9090063337,184285.6032
66,USA,0.259960356,9.9089922,0.101794103,682.016126,0.080148797,93.237635,3.44955974,-12272.0901,0.266087855,7585.91708,0.330333117,18778.19,162.18817,45001.5477,162.18817,162.18817,-58.7324119,10.3943942,-2.24199286,93.6751492,3.79415284,37.1216429,70.5493313,13.3052945,125.066527,125.066527,162.18817,162.18817,55.2077263,106.980444,93.6751492,13.3052945,93.6751492,93.6751492,70.5493313,23.1258179,37.1216429,37.1216429,125.066527,125.066527,162.18817,162.18817,162.18817,162.18817,162.18817,0,0.280104,70.2087509,0.0604764,266671.0327678352,1600097.8449513896,180952.00520000004
67,USA,0.25473223,9.70971005,0.099586157,668.299934,0.07848621,91.3623112,3.33405479,-12025.368,0.26073232,7433.35486,0.323689707,18400.5373,158.926364,44096.5106,158.926364,158.926364,-57.5511208,10.1853441,-2.19443193,91.791129,3.71784663,36.3750805,69.137111,13.0376988,122.551284,122.551284,158.926364,158.926364,54.0975364,104.828828,91.791129,13.0376988,91.791129,91.791129,69.137111,22.6540181,36.3750805,36.3750805,122.551284,122.551284,158.926364,158.926364,158.926364,158.926364,158.926364,0,0.280104,68.7965306,0.0604764,262950.1796371125,1568175.0689636993,177312.70367999998
68,USA,0.249351771,9.50462138,0.097321396,654.184091,0.076777483,89.4324495,3.21855354,-11771.4129,0.255222913,7276.34741,0.316852727,18011.8808,155.569519,43165.1034,155.569519,155.569519,-56.3354671,9.97020594,-2.14549081,89.8522641,3.63931764,35.6067654,67.6838649,12.7623111,119.962753,119.962753,155.569519,155.569519,52.9549436,102.614575,89.8522641,12.7623111,89.8522641,89.8522641,67.6838649,22.1683992,35.6067654,35.6067654,119.962753,119.962753,155.569519,155.569519,155.569519,155.569519,155.569519,0,0.280104,67.3432845,0.0604764,259101.10668916284,1535318.275052315,173567.43096000003
69,USA,0.243975406,9.29968873,0.095065931,640.078986,0.075072361,87.504117,3.10640446,-11517.625,0.249718982,7119.4594,0.310020949,17623.52,152.215227,42234.4046,152.215227,152.215227,-55.1207718,9.75523328,-2.09659162,87.9149037,3.56084872,34.8390348,66.2317966,12.4871359,117.376192,117.376192,152.215227,152.215227,51.8131873,100.40204,87.9149037,12.4871359,87.9149037,87.9149037,66.2317966,21.6831071,34.8390348,34.8390348,117.376192,117.376192,152.215227,152.215227,152.215227,152.215227,152.215227,0,0.280104,65.8912162,0.0604764,255234.00889625,1502482.7442880517,169825.04824000003
70,USA,0.238707352,9.09888466,0.092863203,626.258043,0.07340381,85.614676,2.99953996,-11268.9314,0.244326842,6965.73205,0.303326803,17242.9831,148.928511,41322.4558,148.928511,148.928511,-53.9305716,9.54459273,-2.04868186,86.0165944,3.48396087,34.0867709,64.8090328,12.2175066,114.84174,114.84174,148.928511,148.928511,50.6944097,98.234101,86.0165944,12.2175066,86.0165944,86.0165944,64.8090328,21.2075616,34.0867709,34.0867709,114.84174,114.84174,148.928511,148.928511,148.928511,148.928511,148.928511,0,0.280104,64.4684524,0.0604764,251423.6216167846,1470305.0872263098,166158.08976
71,USA,0.233654575,8.90628632,0.090757238,613.001884,0.071805508,83.8024922,2.89973334,-11030.3807,0.239156023,6818.28668,0.29690621,16877.9966,145.776104,40447.7732,145.776104,145.776104,-52.7890336,9.34256126,-2.00273427,84.1958809,3.41021524,33.3652478,63.4444642,11.9588977,112.410856,112.410856,145.776104,145.776104,49.6213256,96.1547786,84.1958809,11.9588977,84.1958809,84.1958809,63.4444642,20.7514167,33.3652478,33.3652478,112.410856,112.410856,145.776104,145.776104,145.776104,145.776104,145.776104,0,0.280104,63.1038838,0.0604764,247748.410520774,1439438.7965479002,162641.00871999998
72,USA,0.228805186,8.72144062,0.088742225,600.279325,0.070273414,82.0632519,2.80632556,-10801.4333,0.234193298,6676.77641,0.290744064,16527.7019,142.750591,39608.299,142.750591,142.750591,-51.6934446,9.14866208,-1.95863923,82.4484553,3.33943808,32.6727681,62.1348209,11.7106985,110.077823,110.077823,142.750591,142.750591,48.5914374,94.1591538,82.4484553,11.7106985,82.4484553,82.4484553,62.1348209,20.3136344,32.6727681,32.6727681,110.077823,110.077823,142.750591,142.750591,142.750591,142.750591,142.750591,0,0.280104,61.7942405,0.0604764,244201.45674786807,1409811.9153882752,159265.4996
73,USA,0.224198192,8.54583436,0.086833508,588.192696,0.068819607,80.4109654,2.71966074,-10583.9218,0.229479025,6542.33948,0.28488993,16194.9165,139.876307,38810.7857,139.876307,139.876307,-50.6526284,8.96445541,-1.91675172,80.788383,3.27219878,32.0149017,60.8906615,11.4749063,107.861405,107.861405,139.876307,139.876307,47.6130177,92.2632893,80.788383,11.4749063,80.788383,80.788383,60.8906615,19.8977215,32.0149017,32.0149017,107.861405,107.861405,139.876307,139.876307,139.876307,139.876307,139.876307,0,0.280104,60.5500811,0.0604764,240813.26614596255,1381662.8958024017,156058.72568
74,USA,0.219818378,8.37888759,0.085023929,576.702084,0.067439018,78.8401534,2.63907716,-10377.1374,0.224997159,6414.53189,0.279324476,15878.5415,137.14376,38052.5993,137.14376,137.14376,-49.6631353,8.78933226,-1.87693252,79.2101708,3.20827517,31.389476,59.7078506,11.2507414,105.754284,105.754284,137.14376,137.14376,46.6828474,90.4609122,79.2101708,11.2507414,79.2101708,79.2101708,59.7078506,19.5023202,31.389476,31.389476,105.754284,105.754284,137.14376,137.14376,137.14376,137.14376,137.14376,0,0.280104,59.3672702,0.0604764,237574.79714872126,1354899.2797362795,153010.08304000003
