,Country,HDPE[kg/hr],LDPE[kg/hr],PP[kg/hr],PS[kg/hr],HEATER_T,pyro_EAC,pyro_TPC,pyro_REV_SMR,pyro_REV_NG,SMR_EAC,SMR_TPC,SMR_REV,SMRCCU_EAC,SMRCCU_TPC,SMRCCU_REV,WFGD_EAC,WFGD_TPC,WFGD_REV,Path1_EAC,Path1_TPC,Path1_REV,Path2_EAC,Path2_TPC,Path2_REV,Path3_EAC,Path3_TPC,Path3_REV,Path4_EAC,Path4_TPC,Path4_REV,Path5_EAC,Path5_TPC,Path5_REV,Path6_EAC,Path6_TPC,Path6_REV
0,Brazil,10,20,8,8,500,75975.13531,320790.9109,215973.2838,243100.2509,62850.35948,181575.2864,158254.7575,2672.702932,7039.418655,1670.028935,30094.72199,5877.392349,111.7101068,171592.919712,515283.00830399996,376009.78034180007,168920.21678,508243.589649,374339.75140680006,141498.197722,509405.615955,375898.07023500005,138825.49479,502366.1973,374228.04130000004,106069.8573,326668.303249,243211.9610068,75975.13531,320790.9109,243100.2509
1,Brazil,10,20,8,8,550,75993.22094,322239.9877,214055.6847,242498.1384,64852.21697,190217.1639,165929.4894,2766.536441,7375.118241,1751.032919,67829.35882,15169.29992,439.633787,211441.333171,535001.569761,382175.84080600005,208674.79673,527626.45152,380424.80788700003,143611.974351,519832.269841,381736.207019,140845.43791,512457.1516,379985.1741,143822.57976,337409.28762,242937.772187,75993.22094,322239.9877,242498.1384
2,Brazil,10,20,8,8,600,75998.90254,336280.336,208099.3531,236888.6447,65377.90373,192471.8294,167969.0896,2790.423323,7459.255153,1773.169769,95433.7385,22998.46379,778.2233183,239600.968093,559209.884343,378619.8357873,236810.54477,551750.62919,376846.6660183,144167.229593,536211.4205530001,377841.61246900004,141376.80627,528752.1654,376068.4427,171432.64104000002,359278.79979,237666.8680183,75998.90254,336280.336,236888.6447
3,Brazil,10,20,8,8,650,76008.55567,351934.509,204195.8507,232972.4636,65358.83216,192388.5781,167895.1181,2789.525973,7456.021623,1772.388967,119179.8936,30361.08348,1122.046453,263336.807403,582140.1922030001,374985.40422,260547.28142999997,574684.17058,373213.015253,144156.913803,551779.108723,373863.35776700004,141367.38783,544323.0871,372090.96880000003,195188.44926999998,382295.59248,234094.51005299998,76008.55567,351934.509,232972.4636
4,Brazil,10,20,8,8,700,76017.89517,369061.4829,201597.6962,230111.4831,64962.85471,190662.7176,166361.6756,2770.905498,7388.991027,1756.201026,140745.4881,37508.86579,1473.378117,284497.143478,604622.057317,371188.950943,281726.23798,597233.06629,369432.74991699995,143751.65537800002,567113.191527,369715.572826,140980.74988000002,559724.2005,367959.37179999996,216763.38327,406570.34869,231584.861217,76017.89517,369061.4829,230111.4831
5,Brazil,10,20,8,8,750,76027.27754,387545.5023,199937.1748,228032.5721,64326.48913,187942.2126,163901.5529,2742.012403,7287.4197,1729.509109,160893.54,44538.3532,1844.579717,303989.319073,627313.4878,367412.81652600004,301247.30666999996,620026.0681,365683.30741700006,143095.77907299998,582775.1346,365568.236809,140353.76666999998,575487.7149,363838.72770000005,236920.81754000002,432083.8555,229877.15181699998,76027.27754,387545.5023,228032.5721
6,Brazil,10,20,8,8,800,76036.9107,407276.816,198939.938,226527.1262,63554.79174,184595.0083,160942.6727,2705.514832,7156.09118,1698.50951,180020.3578,51537.07022,2220.99744,322317.575072,650564.9857,363802.11765,319612.06024,643408.89452,362103.60813999997,142297.21727199998,599027.91548,361581.12020999996,139591.70244,591871.8243,359882.61069999996,256057.2685,458813.88622,228748.12364,76036.9107,407276.816,226527.1262
7,Brazil,10,20,8,8,850,76046.86418,428159.2441,198405.1967,225438.3116,62706.88536,180954.4075,157710.1121,2665.843185,7014.679413,1664.390186,198401.2197,58537.03639,2611.609352,339820.812425,674665.367403,360391.308338,337154.96924,667650.68799,358726.918152,141419.592725,616128.331013,357779.698986,138753.74954,609113.6516,356115.3088,274448.08388,486696.28049000003,228049.920952,76046.86418,428159.2441,225438.3116
8,Brazil,10,20,8,8,900,76057.98756,450115.2285,198234.5913,224699.6591,61831.67716,177220.9715,154396.0903,2624.9802,6869.654002,1629.413684,216196.1611,65563.70132,3014.105338,356710.80602,699769.5553220001,357274.20062200003,354085.82582,692899.9013200001,355644.786938,140514.64492,634205.8540020001,354260.09528400004,137889.66472,627336.2000000001,352630.6816,292254.14866,515678.92982,227713.76443799998,76057.98756,450115.2285,224699.6591
9,Brazil,10,20,8,8,950,76067.28029,473066.5174,198160.0705,224049.7003,60938.78468,173437.9605,151038.9643,2583.384883,6722.706961,1593.982533,233529.9335,72640.06152,3427.868236,373119.38335300004,725867.246381,354220.88556900003,370535.99847,719144.53942,352626.90303600003,139589.449853,653227.184861,350793.017333,137006.06497,646504.4779,349199.0348,309597.21379,545706.57892,227477.568536,76067.28029,473066.5174,224049.7003
10,Brazil,10,20,8,8,1000,76078.27953,496972.2006,198299.8828,223631.4463,60066.62187,169768.1009,147783.2416,2542.844161,6580.149716,1559.62386,250488.5041,79777.38256,3853.282377,389176.249661,753097.833776,351496.030637,386633.4055,746517.6840599999,349936.406777,138687.745561,673320.4512159999,347642.74825999996,136144.9014,666740.3015,346083.1244,326566.78362999996,576749.5831599999,227484.728677,76078.27953,496972.2006,223631.4463
11,Brazil,10,20,8,8,1050,76090.16359,521786.8789,198550.1054,223343.927,59220.24131,166230.9521,144646.098,2503.588559,6442.752408,1526.516882,267140.4029,86991.10013,4289.44578,404954.396359,781451.683538,349012.16606200003,402450.80779999995,775008.93113,347485.64918,137813.993459,694460.583408,344722.720282,135310.4049,688017.831,343196.2034,343230.56649,608777.97903,227633.37278,76090.16359,521786.8789,223343.927
12,Brazil,10,20,8,8,1100,76103.27324,547465.1858,198883.6898,223164.1927,58406.66436,162853.5603,141651.4484,2465.935019,6311.56435,1494.914132,283545.1328,94302.39699,4734.125363,420521.00541900005,810932.70744,346764.177695,418055.0704,804621.14309,345269.263563,136975.872619,716630.31045,342030.052332,134509.9376,710318.7461,340535.1382,359648.40604000003,641767.58279,227898.318063,76103.27324,547465.1858,223164.1927
13,Brazil,10,20,8,8,1150,76117.43407,573984.4161,199243.4448,223034.8078,57626.13685,159634.4308,138797.8576,2429.886004,6186.528983,1464.800003,299710.3537,101659.9163,5196.84441,435883.810624,841465.292183,344702.946813,433453.92461999995,835278.7632,343238.14681,136173.456924,739805.375883,339506.102403,133743.57092,733618.8469,338041.3024,375827.78777,675644.3324000001,228231.65221,76117.43407,573984.4161,223034.8078
14,Brazil,10,20,8,8,1200,76133.59821,601317.529,199630.8927,222958.9871,56882.01676,156584.7983,136095.2014,2395.586779,6068.081036,1436.278916,315706.4948,109136.9367,5666.134383,451117.696549,873107.345036,342828.507399,448722.10977,867039.264,341392.228483,135411.201749,763970.408336,337162.37301599997,133015.61497,757902.3273,335726.0941,391840.09300999995,710454.4657,228625.121483,76133.59821,601317.529,222958.9871
15,China,13,40,14,15,500,115212.9977,276002.8567,446669.9054,494795.1715,91968.24065,157865.6256,280755.763,4083.46484,6168.572432,2962.756097,42505.09859,7615.334272,199.9038245,253769.80178,447652.38900400006,730588.3283215,249686.33694,441483.81657200004,727625.5722245,211264.70319,440037.05473200005,730388.4244969999,207181.23835,433868.48230000003,727425.6684,157718.09629000002,283618.190972,494995.0753245,115212.9977,276002.8567,494795.1715
16,China,13,40,14,15,550,115233.3131,277446.8828,456008.0007,506713.3982,95225.78701,166069.1764,295807.3042,4247.307689,6490.782481,3121.570301,95806.31634,18783.50039,780.9064197,310512.724139,468790.342071,755717.7816207,306265.41645,462299.55959,752596.2113197,214706.407799,450006.841681,754936.875201,210459.10011,443516.0592,751815.3049,211039.62944,296230.38319,507494.3046197,115233.3131,277446.8828,506713.3982
17,China,13,40,14,15,600,115246.9174,289224.3352,450865.0085,502219.6435,96041.21364,168113.3718,299622.9325,4287.278924,6568.164793,3162.898783,134806.8241,27817.82972,1375.861289,350382.234064,491723.7015129999,755026.701072,346094.95514,485155.5367199999,751863.802289,215575.40996400002,463905.8717929999,753650.839783,211288.13104,457337.70699999994,750487.941,250053.7415,317042.16491999995,503595.504789,115246.9174,289224.3352,502219.6435
18,China,13,40,14,15,650,115261.0272,302332.2185,448387.2635,499721.7439,96016.07803,168049.3478,299505.3469,4286.008327,6565.651051,3161.657668,168350.3409,36104.06517,1991.24278,383913.454457,513051.282521,753045.510848,379627.44613,506485.63147,749883.85318,215563.11355699998,476947.217351,751054.268068,211277.10523,470381.5663,747892.6104,283611.3681,338436.28367000003,501712.98668,115261.0272,302332.2185,499721.7439
19,China,13,40,14,15,700,115274.6204,316676.7129,447632.0306,498499.3436,95432.55602,166565.2094,296779.7059,4256.532397,6507.384124,3132.884875,198821.2781,44011.80987,2625.860116,413784.98691700003,533761.116294,750170.481491,409528.45452,527253.73217,747037.596616,214963.708817,489749.30642399995,747544.621375,210707.17642,483241.9223,744411.7365,314095.8985,360688.52277,501125.203716,115274.6204,316676.7129,498499.3436
20,China,13,40,14,15,750,115287.9561,332159.9811,447986.5646,498107.3056,94491.67995,164214.1076,292391.9383,4210.486078,6418.398517,3085.355772,227280.1536,51704.4358,3282.650296,441270.275728,554496.923017,746746.508968,437059.78965,548078.5244999999,743661.1531959999,213990.122128,502792.487217,743463.858672,209779.63605,496374.08869999996,740378.5029,342568.1097,383864.41689999995,501389.955896,115287.9561,332159.9811,498107.3056
21,China,13,40,14,15,800,115301.1363,348689.5777,449015.7308,498226.9274,93346.80328,161315.62,287096.3624,4152.406187,6303.478082,3029.873035,254314.4883,59276.94014,3959.205918,467114.83406699996,575585.615922,743101.172153,462962.42788,569282.13784,740071.299118,212800.345767,516308.675782,739141.966235,208647.93958,510005.1977,736112.0932,369615.6246,407966.51784000004,502186.133318,115301.1363,348689.5777,498226.9274
22,China,13,40,14,15,850,115315.3671,366187.669,450519.7971,498742.086,92092.51635,158170.8515,281326.9038,4089.465854,6180.025864,2968.97724,280286.8469,66786.42387,4655.49301,491784.19620400004,597324.9702339999,739471.1711500001,487694.73035,591144.9443699999,736502.19391,211497.34930400003,530538.546364,734815.6781400001,207407.88345000002,524358.5205,731846.7009,395602.21400000004,432974.09287,503397.57901,115315.3671,366187.669,498742.086
23,China,13,40,14,15,900,115329.9249,384584.36,452240.8862,499442.6159,90789.40285,154924.0103,275372.8853,4024.258332,6052.570716,2906.137182,305443.6054,74268.79856,5372.704353,515587.191482,619829.739576,735892.613035,511562.93315,613777.16886,732986.4758530001,210143.586082,545560.941016,730519.908682,206119.32775,539508.3703,727613.7715,420773.5303,458853.15856,504815.32025299995,115329.9249,384584.36,499442.6159
24,China,13,40,14,15,950,115345.4172,403824.9895,454095.7658,500280.4456,89481.7381,151686.8748,269439.4168,3959.011668,5925.503302,2843.516934,329931.1617,81748.06825,6110.386245,538717.328668,643185.435852,732489.0857789998,534758.317,637259.93255,729645.5688449999,208786.16696799998,561437.367602,726378.6995339999,204827.15529999998,555511.8643,723535.1826,445276.57889999996,485573.05775000004,506390.831845,115345.4172,403824.9895,500280.4456
25,China,13,40,14,15,1000,115361.3847,423862.6419,455953.2946,501142.182,88413.70987,148485.1822,263630.0068,3989.582211,5815.79029,2782.20759,353901.6512,89248.28963,6868.37604,561666.3279810001,667411.90402,729233.88503,557676.74577,661596.11373,726451.67744,207764.67678100002,578163.61439,722365.50899,203775.09457000002,572347.8241,719583.3014,469263.0359,513110.93153,508010.55804,115361.3847,423862.6419,501142.182
26,China,13,40,14,15,1050,115378.627,444661.1317,457808.5286,502037.4505,86940.05195,145460.8078,258025.0609,3832.946324,5681.61682,2722.883798,377434.1412,96784.33279,7645.519608,583585.766474,692587.8891100001,726201.992906,579752.82015,686906.2722900001,723479.109108,206151.62527399996,595803.5563200001,718556.473298,202318.67894999997,590121.9395000001,715833.5895,492812.7682,541445.46449,509682.970108,115378.627,444661.1317,502037.4505
27,China,13,40,14,15,1100,115397.4114,466189.6189,459621.9623,502933.0066,85735.80246,142532.3632,252674.8355,3773.163331,5566.220586,2666.595772,400606.2547,104392.4696,8429.423353,605512.631891,718680.672286,723392.816925,601739.46856,713114.4517,720726.221153,204906.377191,614288.202686,714963.3935720001,201133.21386000002,608721.9821,712296.7978000001,516003.6661,570582.0885,511362.42995300004,115397.4114,466189.6189,502933.0066
28,China,13,40,14,15,1150,115418.3912,488422.9352,461380.7876,503819.4629,84582.9206,139750.7999,247585.5292,3716.282401,5457.074937,2612.888222,423471.1599,112027.064,9246.71973,627188.754101,745657.8740370001,720825.9247519999,623472.4717,740200.7991000001,718213.0365299999,203717.594201,633630.8100370001,711579.2050219999,200001.3118,628173.7351,708966.3167999999,538889.5511,600449.9992,513066.18263,115418.3912,488422.9352,503819.4629
29,China,13,40,14,15,1200,115443.2731,511341.2139,463137.9262,504753.5439,83488.17528,137125.3635,242783.9139,3662.408371,5354.064805,2562.217111,446073.7804,119720.191,10084.68173,648667.637151,773540.8332049999,718568.738941,645005.22878,768186.7684,716006.52183,202593.856751,653820.6422049999,708484.057211,198931.44838000002,648466.5774,705921.8401,561517.0535,631061.4049,514838.22563,115443.2731,511341.2139,504753.5439
30,Saudi Arabia,6,20,10,6,500,71042.7215,95349.10472,142927.9712,168010.1484,59674.33893,55964.74899,146325.7524,2524.779064,2193.117482,1544.144666,28620.25075,4778.781505,96.1721875,161862.090244,158285.752697,290894.0404535,159337.31118,156092.635215,289349.8957875,133241.83949399999,153506.971192,290797.868266,130717.06043,151313.85371,289253.7236,99662.97224999999,100127.88622500001,168106.3205875,71042.7215,95349.10472,168010.1484
31,Saudi Arabia,6,20,10,6,550,71054.35221,95516.74927,139239.3428,165145.3283,60964.1123,57697.72154,151133.6509,2584.60262,2261.404234,1594.954128,64480.51771,11282.97208,403.9398687,199083.58483999997,166758.847124,292371.8876967,196498.98222,164497.44289,290776.9335687,134603.06712999998,155475.875044,291967.947828,132018.46451,153214.47081,290372.9937,135534.86992,106799.72135,165549.2681687,71054.35221,95516.74927,165145.3283
32,Saudi Arabia,6,20,10,6,600,71062.31741,99327.94863,136743.7267,162974.3776,61470.96444,58375.38748,153040.2971,2607.535949,2287.299925,1615.551513,90716.92784,16321.16475,714.636922,225857.74563900003,176311.800785,292114.2122349999,223250.20969,174024.50086,290498.66072199994,135140.817799,159990.636035,291399.57531299995,132533.28185,157703.33611,289784.02379999997,161779.24525,115649.11338,163689.014522,71062.31741,99327.94863,162974.3776
33,Saudi Arabia,6,20,10,6,650,71072.26799,103567.2821,135304.3298,161525.9681,61456.98851,58356.44242,152987.7161,2606.884838,2286.552109,1614.996512,113281.4774,20822.8611,1031.040693,248417.618738,185033.137729,290938.083105,245810.7339,182746.58562,289323.08659300004,135136.141338,164210.276629,289907.042412,132529.2565,161923.72452,288292.0459,184353.74539,124390.14319999999,162557.008793,71072.26799,103567.2821,161525.9681
34,Saudi Arabia,6,20,10,6,700,71080.61878,108198.5859,134475.3013,160454.9252,61081.09223,57847.62204,151575.7026,2589.38185,2266.469073,1600.090669,133771.3973,25035.94216,1353.411008,268522.49016000004,193348.619173,289004.50557700003,265933.10831000004,191082.1501,287404.41490800004,134751.09286,168312.677013,287651.094569,132161.71101,166046.20794,286051.0039,204852.01608000003,133234.52806,161808.336208,71080.61878,108198.5859,160454.9252
35,Saudi Arabia,6,20,10,6,750,71089.42118,113194.3263,134121.5987,159719.3814,60482.4531,57051.13934,149331.1365,2562.441444,2236.183594,1575.762035,152902.2174,29060.1915,1697.868289,287036.53312399995,201541.84073400003,286726.365524,284474.09167999995,199305.65714000002,285150.603489,134134.315724,172481.649234,285028.497235,131571.87428,170245.46564,283452.7352,223991.63858,142254.5178,161417.24968900002,71089.42118,113194.3263,159719.3814
36,Saudi Arabia,6,20,10,6,800,71098.52972,118524.4433,134077.4048,159211.9205,59757.2052,56073.85289,146633.8679,2528.473073,2197.23365,1547.501429,171074.0024,32972.69533,2045.228031,304458.210393,209768.22517,284304.00216,301929.73732,207570.99151999998,282756.500731,133384.207993,176795.52984,282258.77412899997,130855.73492,174598.29619,280711.2727,242172.53212,151497.13863,161257.148531,71098.52972,118524.4433,159211.9205
37,Saudi Arabia,6,20,10,6,850,71107.52645,124162.5195,134214.7495,158842.6848,58957.94243,55006.81274,143678.3852,2491.437484,2155.12527,1516.306527,188530.3072,36811.13777,2400.265913,321087.213564,218135.59527999998,281809.70713999995,318595.77608,215980.47001,280293.400613,132556.906364,181324.45750999998,279409.441227,130065.46888,179169.33224,277893.1347,259637.83365000002,160973.65727,161242.950713,71107.52645,124162.5195,158842.6848
38,Saudi Arabia,6,20,10,6,900,71117.38183,130088.2159,134499.374,158607.2318,58131.76055,53910.44077,140644.2208,2453.231927,2111.861652,1484.283492,205426.5099,40589.57784,2767.8873,337128.884207,226700.09616199997,279395.76559200004,334675.65228000004,224588.23450999998,277911.4821,131702.374307,186110.518322,276627.87829200004,129249.14238,183998.65667,275143.5948,276543.89173000003,170677.79374,161375.1191,71117.38183,130088.2159,158607.2318
39,Saudi Arabia,6,20,10,6,950,71127.12655,136282.4264,134838.5116,158425.5954,57298.58925,52811.6726,137606.0192,2414.785188,2068.508362,1452.218904,221884.9395,44332.25737,3147.462136,352725.440488,235494.864732,277044.21184,350310.6553,233426.35637,275591.992936,130840.500988,191162.60736199998,273896.749704,128425.7158,189094.099,272444.5308,293012.06605,180614.68377,161573.05753599998,71127.12655,136282.4264,158425.5954
40,Saudi Arabia,6,20,10,6,1000,71137.43181,142731.3577,135223.5164,158301.7719,56478.67479,51737.18451,134637.5398,2377.03062,2026.11773,1420.891247,237983.9837,48051.16142,3537.570384,367977.12092,244545.82135999997,274819.51783100003,365600.09030000004,242519.70362999997,273398.626584,129993.13722,196494.65993999998,271281.947447,127616.1066,194468.54220999999,269861.0562,309121.41551,190782.51911999998,161839.34228399998,71137.43181,142731.3577,158301.7719
41,Saudi Arabia,6,20,10,6,1050,71148.76808,149423.4358,135645.911,158234.6055,55684.17976,50702.49902,131781.4806,2340.523529,1985.302508,1390.750704,253788.9902,51756.28528,3938.292849,382962.461569,253867.52260800003,272756.435153,380621.93804,251882.22010000004,271365.684449,129173.47136899999,202111.23732800002,268818.142304,126832.94784,200125.93482000002,267427.3916,324937.75828,201179.72108,162172.898349,71148.76808,149423.4358,158234.6055
42,Saudi Arabia,6,20,10,6,1100,71160.83411,156348.3499,136068.721,158188.6119,54918.04441,49710.85317,129046.525,2305.392179,1946.190688,1361.888367,269352.2524,55458.05346,4348.159233,397736.523099,263463.447218,270825.2936,395431.13092,261517.25652999998,269463.405233,128384.270699,208005.393758,266477.13436699996,126078.87852,206059.20307,265115.246,340513.08651,211806.40336,162536.771133,71160.83411,156348.3499,158188.6119
43,Saudi Arabia,6,20,10,6,1150,71174.30884,163498.3928,136496.0324,158170.6287,54185.36344,48768.15872,126448.7258,2271.861623,1909.014532,1334.473758,284701.8716,59155.84052,4770.207395,412333.405503,273331.406572,269049.43935299997,410061.54388,271422.39204,267714.96559499996,127631.533903,214175.566052,264279.231958,125359.67228,212266.55152,262944.7582,355876.18044,222654.23332,162940.836095,71174.30884,163498.3928,158170.6287
44,Saudi Arabia,6,20,10,6,1200,71189.46768,170866.6336,136908.3971,158160.5756,53485.72681,47873.17911,123984.3874,2239.904837,1873.7251,1308.467569,299878.2253,62860.19344,5201.707813,426793.32462699997,283473.73125,267402.959882,424553.41978999996,281600.00615000003,266094.492313,126915.09932699999,220613.53781,262201.252069,124675.19449,218739.81271,260892.7845,371067.69298,233726.82704,163362.283413,71189.46768,170866.6336,158160.5756
45,Spain,7,26,13,8,500,85156.63868,791785.4468,257171.6453,289398.3141,70449.12442,442810.0047,188005.6717,3031.453832,17125.71482,1983.984028,32419.37975,8037.82543,122.921934,191056.59668199997,1259758.99175,447284.222962,188025.14284999997,1242633.27693,445300.238934,158637.21693199998,1251721.16632,447161.301028,155605.76309999998,1234595.4515,445177.31700000004,117576.01843,799823.27223,289521.236034,85156.63868,791785.4468,289398.3141
46,Spain,7,26,13,8,550,85170.80625,793423.9018,243972.7797,277283.6931,72012.90849,457575.1537,194333.3794,3106.001354,17696.29842,2050.84921,74915.67867,23179.77111,518.1319968,235205.394764,1291875.12503,440875.1403068001,232099.39341,1274178.82661,438824.29109680007,160289.716094,1268695.35392,440357.00831000006,157183.71474,1250999.0555,438306.15910000005,160086.48492,816603.67291,277801.8250968,85170.80625,793423.9018,277283.6931
47,Spain,7,26,13,8,600,85182.46722,828678.3353,233831.1732,267570.7218,72629.07082,463366.8466,196849.5205,3134.734788,17913.61464,2077.990165,105399.295,36789.4954,906.450472,266345.567828,1346748.29194,433665.134337,263210.83304,1328834.6772999999,431587.144172,160946.27282800002,1309958.79654,432758.683865,157811.53804,1292045.1819,430680.6937,190581.76222,865467.8307,268477.172272,85182.46722,828678.3353,267570.7218
48,Spain,7,26,13,8,650,85193.73268,867847.4606,226384.4406,260110.994,72610.50903,463189.8383,196773.7039,3133.845715,17906.76423,2077.189934,131614.2029,49969.76199,1323.897984,292552.290325,1398913.8251200002,426559.232418,289418.44461,1381007.06089,424482.042484,160938.087425,1348944.0631300001,425235.334434,157804.24171,1331037.2989,423158.1445,216807.93558,917817.22259,261434.89198400002,85193.73268,867847.4606,260110.994
49,Spain,7,26,13,8,700,85203.22116,910651.354,220899.6148,254314.0595,72163.99671,458938.5315,194952.7377,3112.472272,17742.2411,2057.967239,155424.1334,63137.52007,1738.465505,315903.823542,1450469.6466700002,419648.785244,312791.35127,1432727.4055700002,417590.818005,160479.690142,1387332.1266,417910.31973900006,157367.21787,1369589.8855,415852.35250000004,240627.35456,973788.87407,256052.525005,85203.22116,910651.354,254314.0595
50,Spain,7,26,13,8,750,85213.49407,956832.6658,216971.8417,249895.2794,71455.13909,452313.7058,192067.1893,3079.619636,17495.13507,2026.718247,177655.4283,76284.9992,2178.198874,337403.681096,1502926.50587,413243.94812099996,334324.06146,1485431.3708,411217.22987399995,159748.252796,1426641.50667,411065.74924699997,156668.63316,1409146.3716,409039.03099999996,262868.92237,1033117.6649999999,252073.478274,85213.49407,956832.6658,249895.2794
51,Spain,7,26,13,8,800,85224.19731,1006110.342,214169.7871,246497.6845,70596.4339,444178.3758,188599.8013,3038.297066,17177.09975,1990.389189,198776.3679,89604.01104,2623.565638,357635.29617600003,1557069.82859,407383.54322700005,354596.99911000003,1539892.72884,405393.15403800004,158858.92827600002,1467465.81755,404759.977589,155820.63121000002,1450288.7178,402769.5884,284000.56521000003,1095714.35304,249121.250138,85224.19731,1006110.342,246497.6845
52,Spain,7,26,13,8,850,85234.90924,1058241.208,212167.2546,243844.4588,69650.9221,435312.4413,184803.5398,2993.283273,16833.95189,1950.319962,219056.8462,103070.3582,3085.6039,376935.960813,1613457.95939,402006.718262,373942.67753999995,1596624.0075,400056.3983,157879.11461299998,1510387.60119,398921.114362,154885.83133999998,1493553.6493000002,396970.7944,304291.75544,1161311.5662,246930.06269999998,85234.90924,1058241.208,243844.4588
53,Spain,7,26,13,8,900,85246.06838,1113029.129,210763.3652,241770.0737,68670.00155,426175.4295,180891.8194,2946.689939,16480.28746,1909.03487,238693.1716,116735.0228,3561.093713,395555.931469,1672419.86876,397125.313183,392609.24153,1655939.5813,395216.27831300005,156862.759869,1555684.84596,393564.21947,153916.06993,1539204.5585,391655.18460000004,323939.23998,1229764.1517999999,245331.16741300002,85246.06838,1113029.129,241770.0737
54,Spain,7,26,13,8,950,85258.02914,1170311.418,209811.9561,240151.0369,67686.38754,417076.2773,176996.8811,2900.078856,16128.07444,1867.928776,257816.4237,130617.7657,4050.142654,413660.91923600005,1734133.5354400002,392726.90863,410760.84038,1718005.4610000001,390858.97985400003,155844.495536,1603515.7697400001,388676.765976,152944.41668,1587387.6953,386808.8372,343074.45284000004,1300929.1837000002,244201.179554,85258.02914,1170311.418,240151.0369
55,Spain,7,26,13,8,1000,85269.95046,1229945.953,209149.4422,238833.4032,66714.31448,408146.4546,173174.937,2854.124644,15782.41391,1827.59388,276531.8789,144760.1989,4550.351665,431370.268484,1798635.0204099999,388702.324745,428516.14384000003,1782852.6065,386874.730865,154838.389584,1653874.82151,384151.97307999997,151984.26494,1638092.4076,382324.37919999997,361801.82936,1374706.1519,243383.754865,85269.95046,1229945.953,238833.4032
56,Spain,7,26,13,8,1050,85283.82607,1291835.654,208780.9497,237837.2888,65776.45676,399590.3143,169513.4491,2809.891139,15451.20965,1788.953738,294901.1755,159202.7159,5057.60387,448771.349469,1866079.89385,385140.95640799997,445961.45833,1850628.6842,383352.00266999996,153870.173969,1706877.1779500002,380083.352538,151060.28282999998,1691425.9683,378294.39879999997,380185.00157,1451038.3699,242894.89267,85283.82607,1291835.654,237837.2888
57,Spain,7,26,13,8,1100,85297.92097,1355875.938,208545.1716,236998.0964,64868.50967,391363.2298,165993.1813,2767.167106,15132.75256,1751.803682,312982.1675,173825.6115,5586.152783,465915.765246,1936197.53186,381876.30936500005,463148.59814,1921064.7793,380124.505683,152933.597746,1762371.9203599999,376290.156582,150166.43064,1747239.1678,374538.3529,398280.08846999996,1529701.5495000002,242584.249183,85297.92097,1355875.938,236998.0964
58,Spain,7,26,13,8,1150,85313.12806,1421995.857,208419.5924,236297.2781,63997.07917,383519.3428,162637.2956,2726.252283,14829.13028,1716.388792,330826.193,188724.7777,6126.735868,482862.65251300007,2009069.10778,378900.01266000007,480136.40023,1994239.9775,377183.62386800005,152036.459513,1820344.33008,372773.27679200005,149310.20723,1805515.1998,371056.88800000004,416139.32106000005,1610720.6347,242424.01396799998,85313.12806,1421995.857,236297.2781
59,Spain,7,26,13,8,1200,85331.39091,1490140.415,208431.9142,235767.6184,63170.63474,376128.0727,159475.4445,2687.53178,14543.02797,1683.022071,348476.5065,203887.1007,6682.536163,499666.06393,2084698.61637,376272.916934,496978.53215,2070155.5884,374589.89486299996,151189.55743,1880811.5156699999,369590.380771,148502.02565,1866268.4877,367907.3587,433807.89741000003,1694027.5157,242450.15456300002,85331.39091,1490140.415,235767.6184
60,USA,86,170,66,66,500,355623.995,2729504.997,1169492.487,1357059.943,229953.0696,1292515.781,1094241.098,12153.49272,50356.65681,11547.2945,108151.7826,27461.9691,951.7715923,705882.3399199999,4099839.40391,2276232.6510922997,693728.8472,4049482.7471,2264685.3565923,597730.5573199999,4072377.43481,2275280.8795,585577.0645999999,4022020.778,2263733.585,463775.77760000003,2756966.9661,1358011.7145923,355623.995,2729504.997,1357059.943
61,USA,86,170,66,66,550,355675.5667,2768545.404,1251585.696,1459936.102,247147.6741,1434398.943,1215512.509,13356.25287,55906.29386,12828.05764,243793.1773,79197.37281,3675.983776,859972.67097,4338048.013669999,2483602.2464159997,846616.4181,4282141.71981,2470774.188776,616179.49367,4258850.64086,2479926.26264,602823.2408,4202944.347,2467098.205,599468.7440000001,2847742.77681,1463612.085776,355675.5667,2768545.404,1459936.102
62,USA,86,170,66,66,600,355722.7355,2925004.582,1352735.479,1578009.36,260810.0783,1550017.267,1314175.069,14358.99204,60453.68573,13866.70387,343012.1199,126224.9588,6519.877273,973903.9257400001,4661700.49353,2687297.1291429996,959544.9336999999,4601246.8078,2673430.425273,630891.80584,4535475.5347299995,2680777.25187,616532.8138,4475021.848999999,2666910.548,698734.8554,3051229.5408,1584529.2372730002,355722.7355,2925004.582,1578009.36
63,USA,86,170,66,66,650,355770.8009,3088093.214,1460093.465,1698345.07,271117.9656,1638523.85,1389917.586,15140.83484,63919.62649,14667.2244,428369.7386,172172.1813,9443.609778,1070399.3399399999,4962708.87179,2874121.885178,1055258.5051,4898789.2453000005,2859454.660778,642029.6013399999,4790536.69049,2864678.2754,626888.7664999999,4726617.064,2850011.051,784140.5395,3260265.3953,1707788.679778,355770.8009,3088093.214,1698345.07
64,USA,86,170,66,66,700,355813.7365,3247904.519,1482168.682,1722607.758,272843.7842,1653389.526,1402717.331,15272.93201,64494.71193,14803.75011,505902.8958,217972.1107,12458.60347,1149833.34851,5183760.86763,2912148.36658,1134560.4165,5119266.1557,2897344.6164700002,643930.45271,4965788.75693,2899689.76311,628657.5207,4901294.045,2884886.0130000003,861716.6322999999,3465876.6297,1735066.36147,355813.7365,3247904.519,1722607.758
65,USA,86,170,66,66,750,355854.1007,3413002.336,1462824.177,1699737.05,270063.3481,1629336.909,1382142.024,15058.03792,63551.23988,14586.47297,578312.5324,264042.313,15567.70351,1219288.01912,5369932.79788,2875120.37748,1204229.9812,5306381.558,2860533.90451,640975.48672,5105890.48488,2859552.67397,625917.4488,5042339.245,2844966.201,934166.6331,3677044.649,1715304.75351,355854.1007,3413002.336,1699737.05
66,USA,86,170,66,66,800,355897.1515,3589226.058,1449659.329,1682286.745,266671.0328,1600097.845,1357140.039,14798.37014,62403.87697,14322.58518,647078.0477,310578.9741,18779.09722,1284444.60214,5562306.75407,2839901.0503999996,1269646.2319999998,5499902.8771,2825578.4652199997,637366.55444,5251727.77997,2821121.9531799997,622568.1843,5189323.903,2806799.368,1002975.1991999999,3899805.0321000004,1701065.8422200002,355897.1515,3589226.058,1682286.745
67,USA,86,170,66,66,850,355942.8817,3775713.453,1440874.2,1668823.189,262950.1796,1568175.069,1329845.278,14516.82509,61151.63475,14034.49224,713129.4748,357743.1615,22090.85795,1346539.36119,5762783.3182500005,2806844.8281900003,1332022.5361,5701631.6835,2792810.33595,633409.88639,5405040.15675,2784753.97024,618893.0613,5343888.522,2770719.478,1069072.3565,4133456.6145,1690914.04695,355942.8817,3775713.453,1668823.189
68,USA,86,170,66,66,900,355994.2513,3971760.675,1435368.101,1658502.347,259101.1067,1535318.275,1301755.732,14229.03085,59863.06626,13738.03004,777107.6448,405731.9148,25485.2117,1406432.03365,5972673.931059999,2776347.07474,1392203.0028,5912810.8648,2762609.0447,629324.38885,5566942.016259999,2750861.86304,615095.358,5507078.949999999,2737123.833,1133101.8961,4377492.5898,1683987.5587000002,355994.2513,3971760.675,1658502.347
69,USA,86,170,66,66,950,356050.083,4176758.465,1432053.815,1650376.982,255234.0089,1502482.744,1273687.862,13943.31244,58575.68262,13441.8081,839405.5615,454468.9454,28988.59882,1464632.96584,6192285.8370199995,2748172.08392,1450689.6534,6133710.154399999,2734730.27582,625227.40434,5737816.89162,2719183.4851,611284.0919,5679241.209,2705741.677,1195455.6445,4631227.4103999995,1679365.58082,356050.083,4176758.465,1650376.982
70,USA,86,170,66,66,1000,356111.7231,4390220.604,1430236.154,1643845.165,251423.6216,1470305.087,1246185.673,13665.03076,57314.4361,13151.56429,900360.8915,504093.5616,32584.50962,1521561.2669600002,6421933.6887,2722157.9009100003,1507896.2362000002,6364619.2526,2709006.33662,621200.37546,5917840.1271,2689573.39129,607535.3447,5860525.691000001,2676421.827,1256472.6146,4894314.1656,1676429.67462,356111.7231,4390220.604,1643845.165
71,USA,86,170,66,66,1050,356188.7619,4611786.866,1429926.553,1639014.049,247748.4105,1439438.797,1219807.565,13399.57473,56104.89158,12873.1923,960217.2075,554631.7639,36274.9335,1577553.95463,6661962.31848,2698882.2438,1564154.3799,6605857.4269,2686009.0514999996,617336.74713,6107330.55458,2662607.3103,603937.1724,6051225.663000001,2649734.118,1316405.9694,5166418.6299,1675288.9825000002,356188.7619,4611786.866,1639014.049
72,USA,86,170,66,66,1100,356279.6525,4841092.634,1430259.195,1635007.18,244201.4567,1409811.915,1194491.247,13146.05747,54944.23291,12606.02506,1019156.704,606434.7145,39988.32675,1632783.87067,6912283.496409999,2677344.7938099997,1619637.8132000002,6857339.263499999,2664738.76875,613627.1666700001,6305848.781909999,2637356.4670599997,600481.1092000001,6250904.549,2624750.442,1375436.3565,5447527.348499999,1674995.50675,356279.6525,4841092.634,1635007.18
73,USA,86,170,66,66,1150,356397.9022,5077888.751,1431241.836,1631867.219,240813.2661,1381662.896,1170440.443,12906.26706,53841.7277,12352.21654,1077278.872,658515.4631,43943.6128,1687396.30736,7171908.8378,2657978.10834,1674490.0403,7118067.1101,2645625.8918000003,610117.43536,6513393.3747,2614034.49554,597211.1683,6459551.647,2601682.279,1433676.7741999999,5736404.2141,1675810.8318,356397.9022,5077888.751,1631867.219
74,USA,86,170,66,66,1200,356561.6222,5321939.849,1432459.521,1629165.596,237574.7971,1354899.28,1147575.623,12679.19144,52793.73162,12110.92308,1134768.558,711893.1403,47922.6498,1741584.1687399999,7441526.0009200005,2640068.7168799997,1728904.9773,7388732.269300001,2627957.7937999996,606815.6107399999,6729632.86062,2592146.06708,594136.4193,6676839.129000001,2580035.144,1491330.1801999998,6033832.9893000005,1677088.2458,356561.6222,5321939.849,1629165.596
